cik,company,sic,accession,document,file_date,period_ending,items,discovery_phrase,url,lead_source,doc_chars,has_fda_context,flag_warning_letter,body_mentions_warning_letter,flag_adverse_event,body_mentions_adverse_event,flag_recall,body_mentions_recall,flag_untitled_letter,body_mentions_untitled_letter,n_flags,n_flags_incl_untitled,domain_device_hits,domain_device_lead_hits,domain_drug_hits,domain_drug_lead_hits,domain_biologic_hits,domain_biologic_lead_hits,product_domain,is_device_domain,sic_bucket,device_evidence
200406,JOHNSON & JOHNSON  (JNJ)  (CIK 0000200406),2834.0,0000200406-04-000071,exhibitninetynineseventeen.txt,2004-04-05,2004-04-02,1,"""warning letter""",https://www.sec.gov/Archives/edgar/data/200406/000020040604000071/exhibitninetynineseventeen.txt,exhibit_top,3261,True,True,True,False,False,False,False,False,False,1,1,2,1,0,0,0,0,device,True,pharma_bio,text
310764,STRYKER CORP  (SYK)  (CIK 0000310764),3841.0,0000310764-09-000053,syk8k051109.htm,2009-05-11,2009-05-05,8.01,"""warning letter""",https://www.sec.gov/Archives/edgar/data/310764/000031076409000053/syk8k051109.htm,item_anchored,2407,True,True,True,False,False,False,False,False,False,1,1,2,1,0,0,0,0,device,True,device,text
310764,STRYKER CORP  (SYK)  (CIK 0000310764),3841.0,0000310764-10-000059,ex99syk8k.htm,2010-05-21,2010-05-19,8.01; 9.01,"""warning letter""",https://www.sec.gov/Archives/edgar/data/310764/000031076410000059/ex99syk8k.htm,exhibit_top,2201,True,True,True,False,False,False,False,False,False,1,1,3,2,0,0,0,0,device,True,device,text
310764,STRYKER CORP  (SYK)  (CIK 0000310764),3841.0,0000310764-17-000157,syk8k082317.htm,2017-08-24,2017-08-23,8.01,"""product recall""; ""warning letter""",https://www.sec.gov/Archives/edgar/data/310764/000031076417000157/syk8k082317.htm,item_anchored,5903,True,False,True,False,False,True,True,False,False,1,1,0,0,0,0,0,0,unspecified,False,device,sic_fallback
742112,INVACARE CORP  (CIK 0000742112),3842.0,0000742112-17-000088,sep2017form8k.htm,2017-09-25,2017-09-20,8.01,"""warning letter""",https://www.sec.gov/Archives/edgar/data/742112/000074211217000088/sep2017form8k.htm,item_anchored,4607,True,True,True,False,False,False,False,False,False,1,1,0,0,0,0,0,0,unspecified,False,device,sic_fallback
742112,INVACARE CORP  (CIK 0000742112),3842.0,0000742112-18-000003,jan32018form8k.htm,2018-01-05,2018-01-03,8.01,"""warning letter""",https://www.sec.gov/Archives/edgar/data/742112/000074211218000003/jan32018form8k.htm,item_anchored,4602,True,True,True,False,False,False,False,False,False,1,1,0,0,0,0,0,0,unspecified,False,device,sic_fallback
742112,INVACARE CORP  (CIK 0000742112),3842.0,0000742112-21-000081,ivc-20211201.htm,2021-12-01,2021-12-01,7.01; 9.01,"""warning letter""",https://www.sec.gov/Archives/edgar/data/742112/000074211221000081/ivc-20211201.htm,item_anchored,6345,True,True,True,True,True,False,False,False,False,2,2,1,1,0,0,0,0,device,True,device,text
784199,CRYOLIFE INC  (AORT)  (CIK 0000784199),3841.0,0000784199-15-000108,c199-20150428ex991ea7236.htm,2015-04-28,2015-04-28,2.02; 9.01,"""warning letter""",https://www.sec.gov/Archives/edgar/data/784199/000078419915000108/c199-20150428ex991ea7236.htm,exhibit_top,11725,True,True,True,False,False,False,False,False,False,1,1,3,1,0,0,0,0,device,True,device,text
789132,SPECTRANETICS CORP  (CIK 0000789132),3845.0,0000789132-16-000231,a8-k2016fdawarningletter.htm,2016-06-07,2016-05-23,8.01,"""warning letter""",https://www.sec.gov/Archives/edgar/data/789132/000078913216000231/a8-k2016fdawarningletter.htm,item_anchored,5764,True,True,True,False,False,False,False,False,False,1,1,2,0,0,0,0,0,device,True,device,text
790652,IMAGING DIAGNOSTIC SYSTEMS INC /FL/  (CIK 0000790652),3845.0,0000790652-04-000013,a8-k_012904.txt,2004-02-02,2004-01-29,5,"""warning letter""",https://www.sec.gov/Archives/edgar/data/790652/000079065204000013/a8-k_012904.txt,exhibit_top,1746,True,True,True,False,False,False,False,False,False,1,1,1,0,0,0,0,0,device,True,device,text
790652,IMAGING DIAGNOSTIC SYSTEMS INC /FL/  (CIK 0000790652),3845.0,0000790652-04-000014,a8-k_021004.txt,2004-02-10,2004-02-10,5,"""warning letter""",https://www.sec.gov/Archives/edgar/data/790652/000079065204000014/a8-k_021004.txt,exhibit_top,1664,True,True,True,False,False,False,False,False,False,1,1,1,0,0,0,0,0,device,True,device,text
816066,APPLIED IMAGING CORP  (CIK 0000816066),3841.0,0000816066-03-000002,k8-062003.txt,2003-06-20,2003-06-20,5,"""warning letter""",https://www.sec.gov/Archives/edgar/data/816066/000081606603000002/k8-062003.txt,exhibit_top,1486,True,True,True,False,False,False,False,False,False,1,1,0,0,0,0,0,0,unspecified,False,device,sic_fallback
856982,MERIT MEDICAL SYSTEMS INC  (MMSI)  (CIK 0000856982),3841.0,0000856982-12-000004,a8-kwarningletter.htm,2012-02-09,2012-02-07,7.01; 9.01,"""warning letter""",https://www.sec.gov/Archives/edgar/data/856982/000085698212000004/a8-kwarningletter.htm,item_anchored,2271,True,True,True,False,False,False,False,False,False,1,1,0,0,0,0,0,0,unspecified,False,device,sic_fallback
856982,MERIT MEDICAL SYSTEMS INC  (MMSI)  (CIK 0000856982),3841.0,0000856982-12-000004,pressrelease.htm,2012-02-09,2012-02-07,7.01; 9.01,"""warning letter""",https://www.sec.gov/Archives/edgar/data/856982/000085698212000004/pressrelease.htm,exhibit_top,5849,True,True,True,False,False,False,False,False,False,1,1,4,1,0,0,0,0,device,True,device,text
885725,BOSTON SCIENTIFIC CORP  (BSX)  (CIK 0000885725),3841.0,0000885725-17-000043,productupdatepressrelease.htm,2017-11-29,2017-11-28,8.01,"""voluntary recall""",https://www.sec.gov/Archives/edgar/data/885725/000088572517000043/productupdatepressrelease.htm,exhibit_top,5529,True,False,False,False,False,True,True,False,False,1,1,1,1,0,0,0,0,device,True,device,text
1033660,ANIMAS CORP  (CIK 0001033660),3842.0,0000893220-05-000799,w07805exv99w1.htm,2005-04-13,2005-04-11,7.01; 9.01,"""voluntary recall""",https://www.sec.gov/Archives/edgar/data/1033660/000089322005000799/w07805exv99w1.htm,exhibit_top,5846,True,False,False,False,False,True,True,False,False,1,1,0,0,0,0,0,0,unspecified,False,device,sic_fallback
203077,ST JUDE MEDICAL INC  (CIK 0000203077),3845.0,0000897101-09-000842,stjude091840_8k.htm,2009-04-21,2009-04-21,8.01,"""warning letter""",https://www.sec.gov/Archives/edgar/data/203077/000089710109000842/stjude091840_8k.htm,item_anchored,3393,True,True,True,False,False,False,False,False,False,1,1,3,1,0,0,0,0,device,True,device,text
203077,ST JUDE MEDICAL INC  (CIK 0000203077),3845.0,0000897101-09-001359,stjude093008_8k.htm,2009-07-02,2009-07-01,8.01,"""warning letter""",https://www.sec.gov/Archives/edgar/data/203077/000089710109001359/stjude093008_8k.htm,item_anchored,3225,True,True,True,False,False,False,False,False,False,1,1,1,0,0,0,0,0,device,True,device,text
203077,ST JUDE MEDICAL INC  (CIK 0000203077),3845.0,0000897101-13-000058,stjude130160_8k.htm,2013-01-14,2013-01-11,8.01,"""warning letter""",https://www.sec.gov/Archives/edgar/data/203077/000089710113000058/stjude130160_8k.htm,item_anchored,4344,True,True,True,False,False,False,False,False,False,1,1,4,2,0,0,0,0,device,True,device,text
1012394,EP MEDSYSTEMS INC  (CIK 0001012394),3841.0,0000902561-06-000177,form8k_fdaletter11-100606.htm,2006-10-06,2006-10-02,8.01,"""voluntary recall""; ""warning letter""",https://www.sec.gov/Archives/edgar/data/1012394/000090256106000177/form8k_fdaletter11-100606.htm,item_anchored,2635,True,True,True,False,False,True,True,False,False,2,2,0,0,0,0,0,0,unspecified,False,device,sic_fallback
1012131,NOVOSTE CORP /FL/  (CIK 0001012131),3845.0,0000914062-02-000539,novoste8k802ex991.txt,2002-08-20,2002-08-19,5; 7,"""voluntary recall""",https://www.sec.gov/Archives/edgar/data/1012131/000091406202000539/novoste8k802ex991.txt,exhibit_top,4235,True,False,False,False,False,True,True,False,False,1,1,7,5,0,0,0,0,device,True,device,text
784199,CRYOLIFE INC  (AORT)  (CIK 0000784199),3841.0,0000914062-13-000050,cryolife8k2113.htm,2013-02-01,2013-01-30,8.01,"""warning letter""",https://www.sec.gov/Archives/edgar/data/784199/000091406213000050/cryolife8k2113.htm,item_anchored,5500,True,True,True,False,False,False,False,False,False,1,1,2,0,0,0,0,0,device,True,device,text
1275187,ANGIODYNAMICS INC  (ANGO)  (CIK 0001275187),3841.0,0000914121-11-000030,an20110125-8k.htm,2011-01-26,2011-01-24,8.01; 9.01,"""warning letter""",https://www.sec.gov/Archives/edgar/data/1275187/000091412111000030/an20110125-8k.htm,item_anchored,6352,True,True,True,False,False,False,False,False,False,1,1,1,0,0,0,0,0,device,True,device,text
1275187,ANGIODYNAMICS INC  (ANGO)  (CIK 0001275187),3841.0,0000914121-11-000030,an20110125-ex99_1.htm,2011-01-26,2011-01-24,8.01; 9.01,"""warning letter""",https://www.sec.gov/Archives/edgar/data/1275187/000091412111000030/an20110125-ex99_1.htm,exhibit_top,4495,True,True,True,False,False,False,False,False,False,1,1,1,0,0,0,0,0,device,True,device,text
1275187,ANGIODYNAMICS INC  (ANGO)  (CIK 0001275187),3841.0,0000914121-12-000070,an25169473-8k.htm,2012-01-25,2012-01-24,8.01; 9.01,"""voluntary recall""",https://www.sec.gov/Archives/edgar/data/1275187/000091412112000070/an25169473-8k.htm,item_anchored,5128,True,False,False,False,False,True,True,False,False,1,1,1,0,0,0,0,0,device,True,device,text
1275187,ANGIODYNAMICS INC  (ANGO)  (CIK 0001275187),3841.0,0000914121-12-000070,an25169473-ex99_1.htm,2012-01-25,2012-01-24,8.01; 9.01,"""voluntary recall""",https://www.sec.gov/Archives/edgar/data/1275187/000091412112000070/an25169473-ex99_1.htm,exhibit_top,9369,True,False,False,False,False,True,True,False,False,1,1,3,1,0,0,0,0,device,True,device,text
1275187,ANGIODYNAMICS INC  (ANGO)  (CIK 0001275187),3841.0,0000914121-14-000517,an31719078-8k.htm,2014-11-14,2014-11-05,7.01; 8.01; 9.01,"""warning letter""",https://www.sec.gov/Archives/edgar/data/1275187/000091412114000517/an31719078-8k.htm,item_anchored,4860,True,True,True,False,False,False,False,False,False,1,1,0,0,0,0,0,0,unspecified,False,device,sic_fallback
816956,CONMED CORP  (CNMD)  (CIK 0000816956),3845.0,0000914317-09-001834,ex99-1.htm,2009-09-09,2009-09-09,8.01,"""recall of certain""; ""voluntary recall""",https://www.sec.gov/Archives/edgar/data/816956/000091431709001834/ex99-1.htm,exhibit_top,6894,True,False,False,False,False,True,True,False,False,1,1,4,1,0,0,0,0,device,True,device,text
917520,INTEGRA LIFESCIENCES HOLDINGS CORP  (IART)  (CIK 0000917520),3841.0,0000917520-19-000015,a8-kfiledmarch112019.htm,2019-03-11,2019-03-07,8.01,"""warning letter""",https://www.sec.gov/Archives/edgar/data/917520/000091752019000015/a8-kfiledmarch112019.htm,item_anchored,6438,True,True,True,False,False,False,False,False,False,1,1,2,0,0,0,0,0,device,True,device,text
917520,INTEGRA LIFESCIENCES HOLDINGS CORP  (IART)  (CIK 0000917520),3841.0,0000917520-23-000035,iart-20230522.htm,2023-05-23,2023-05-22,2.06; 7.01,"""voluntary recall""",https://www.sec.gov/Archives/edgar/data/917520/000091752023000035/iart-20230522.htm,item_anchored,10186,True,False,False,False,False,True,True,False,False,1,1,2,0,0,0,0,0,device,True,device,text
917520,INTEGRA LIFESCIENCES HOLDINGS CORP  (IART)  (CIK 0000917520),3841.0,0000917520-23-000060,iart-20230726.htm,2023-07-27,2023-07-26,2.02; 8.01; 9.01,"""voluntary recall""; ""warning letter""",https://www.sec.gov/Archives/edgar/data/917520/000091752023000060/iart-20230726.htm,item_anchored,23471,True,True,True,False,True,False,True,False,False,1,1,7,0,0,0,0,0,device,True,device,text
917520,INTEGRA LIFESCIENCES HOLDINGS CORP  (IART)  (CIK 0000917520),3841.0,0000917520-25-000004,iart-20241219.htm,2025-01-06,2024-12-19,8.01,"""voluntary recall""; ""warning letter""",https://www.sec.gov/Archives/edgar/data/917520/000091752025000004/iart-20241219.htm,item_anchored,7650,True,True,True,False,False,False,True,False,False,1,1,3,0,0,0,0,0,device,True,device,text
1196298,NEPHROS INC  (NEPH)  (CIK 0001196298),3841.0,0000922423-07-001237,kl10006_ex99-1.htm,2007-10-03,2007-09-27,3.01; 8.01; 9.01,"""warning letter""",https://www.sec.gov/Archives/edgar/data/1196298/000092242307001237/kl10006_ex99-1.htm,exhibit_top,7805,True,True,True,False,False,False,False,False,False,1,1,1,0,0,0,0,0,device,True,device,text
718007,CARRINGTON LABORATORIES INC /TX/  (CIK 0000718007),2834.0,0000926236-05-000113,exh99-1.txt,2005-09-01,2005-09-01,8.01; 9.01,"""voluntary recall""",https://www.sec.gov/Archives/edgar/data/718007/000092623605000113/exh99-1.txt,exhibit_top,4166,True,False,False,False,False,True,True,False,False,1,1,1,0,0,0,0,0,device,True,pharma_bio,text
1012131,NOVOSTE CORP /FL/  (CIK 0001012131),3845.0,0000931763-02-000155,d8k.txt,2002-01-28,2002-01-28,5,"""voluntary recall""",https://www.sec.gov/Archives/edgar/data/1012131/000093176302000155/d8k.txt,exhibit_top,2949,True,False,False,False,False,True,True,False,False,1,1,0,0,0,0,0,0,unspecified,False,device,sic_fallback
937556,MASIMO CORP  (MASI)  (CIK 0000937556),3845.0,0000937556-17-000134,masi-20170605x8k.htm,2017-06-06,2017-05-26,8.01; 9.01,"""warning letter""",https://www.sec.gov/Archives/edgar/data/937556/000093755617000134/masi-20170605x8k.htm,item_anchored,5197,True,True,True,False,False,False,False,False,False,1,1,0,0,0,0,0,0,unspecified,False,device,sic_fallback
937556,MASIMO CORP  (MASI)  (CIK 0000937556),3845.0,0000937556-17-000134,masi-20170605xex991.htm,2017-06-06,2017-05-26,8.01; 9.01,"""warning letter""",https://www.sec.gov/Archives/edgar/data/937556/000093755617000134/masi-20170605xex991.htm,exhibit_top,1379,True,True,True,False,False,False,False,False,False,1,1,1,0,0,0,0,0,device,True,device,text
10795,BECTON DICKINSON & CO  (BDX)  (CIK 0000010795),3841.0,0000950117-03-003801,ex99-1.txt,2003-08-25,2003-08-22,7; 9,"""product recall""",https://www.sec.gov/Archives/edgar/data/10795/000095011703003801/ex99-1.txt,exhibit_top,4419,True,False,False,False,False,True,True,False,False,1,1,0,0,0,0,0,0,unspecified,False,device,sic_fallback
1323115,Cardiac Science CORP  (CIK 0001323115),3841.0,0000950123-10-008736,v54823e8vk.htm,2010-02-04,2010-02-03,2.02; 8.01; 9.01,"""voluntary recall""",https://www.sec.gov/Archives/edgar/data/1323115/000095012310008736/v54823e8vk.htm,item_anchored,3005,True,False,False,False,False,True,True,False,False,1,1,0,0,0,0,0,0,unspecified,False,device,sic_fallback
1323115,Cardiac Science CORP  (CIK 0001323115),3841.0,0000950123-10-008736,v54823exv99w1.htm,2010-02-04,2010-02-03,2.02; 8.01; 9.01,"""voluntary recall""",https://www.sec.gov/Archives/edgar/data/1323115/000095012310008736/v54823exv99w1.htm,exhibit_top,4190,True,False,False,False,False,True,True,False,False,1,1,2,2,0,0,0,0,device,True,device,text
1323115,Cardiac Science CORP  (CIK 0001323115),3841.0,0000950123-10-013777,v55014e8vk.htm,2010-02-17,2010-02-17,8.01,"""product recall""; ""warning letter""",https://www.sec.gov/Archives/edgar/data/1323115/000095012310013777/v55014e8vk.htm,item_anchored,4403,True,True,True,False,False,False,True,False,False,1,1,0,0,0,0,0,0,unspecified,False,device,sic_fallback
1323115,Cardiac Science CORP  (CIK 0001323115),3841.0,0000950123-10-066913,v56401e8vk.htm,2010-07-21,2010-07-16,1.01; 2.03; 8.01; 9.01,"""field action""",https://www.sec.gov/Archives/edgar/data/1323115/000095012310066913/v56401e8vk.htm,item_anchored,6754,True,False,False,False,False,True,True,False,False,1,1,0,0,0,0,0,0,unspecified,False,device,sic_fallback
1323115,Cardiac Science CORP  (CIK 0001323115),3841.0,0000950123-10-066913,v56401exv99w1.htm,2010-07-21,2010-07-16,1.01; 2.03; 8.01; 9.01,"""field action""",https://www.sec.gov/Archives/edgar/data/1323115/000095012310066913/v56401exv99w1.htm,exhibit_top,7172,True,False,False,False,False,True,True,False,False,1,1,1,1,0,0,0,0,device,True,device,text
780434,RESPIRONICS INC  (CIK 0000780434),3842.0,0000950128-04-000136,j0560401exv99.htm,2004-02-11,2004-02-10,12,"""warning letter""",https://www.sec.gov/Archives/edgar/data/780434/000095012804000136/j0560401exv99.htm,exhibit_top,2504,True,True,True,False,False,False,False,False,False,1,1,0,0,0,0,0,0,unspecified,False,device,sic_fallback
883697,REGEN BIOLOGICS INC  (CIK 0000883697),3841.0,0000950133-05-004374,w13175e8vk.htm,2005-09-28,2005-09-23,8.01; 9.01,"""warning letter""",https://www.sec.gov/Archives/edgar/data/883697/000095013305004374/w13175e8vk.htm,item_anchored,4119,True,True,True,False,False,False,False,False,False,1,1,1,0,0,0,0,0,device,True,device,text
883697,REGEN BIOLOGICS INC  (CIK 0000883697),3841.0,0000950133-05-004374,w13175exv99w1.htm,2005-09-28,2005-09-23,8.01; 9.01,"""warning letter""",https://www.sec.gov/Archives/edgar/data/883697/000095013305004374/w13175exv99w1.htm,exhibit_top,1892,True,True,True,False,False,False,False,False,False,1,1,0,0,0,0,0,0,unspecified,False,device,sic_fallback
883697,REGEN BIOLOGICS INC  (CIK 0000883697),3841.0,0000950133-05-004374,w13175exv99w2.htm,2005-09-28,2005-09-23,8.01; 9.01,"""warning letter""",https://www.sec.gov/Archives/edgar/data/883697/000095013305004374/w13175exv99w2.htm,exhibit_top,14867,True,True,True,False,False,False,False,False,False,1,1,5,0,0,0,0,0,device,True,device,text
720013,COLORADO MEDTECH INC  (CIK 0000720013),3845.0,0000950134-01-000628,d83733ex99-1.txt,2001-01-31,2001-01-31,5; 7,"""warning letter""",https://www.sec.gov/Archives/edgar/data/720013/000095013401000628/d83733ex99-1.txt,exhibit_top,4511,True,True,True,False,False,False,False,False,False,1,1,5,4,0,0,0,0,device,True,device,text
720013,COLORADO MEDTECH INC  (CIK 0000720013),3845.0,0000950134-01-507290,d91348e8-k.txt,2001-10-15,2001-10-15,5; 7,"""warning letter""",https://www.sec.gov/Archives/edgar/data/720013/000095013401507290/d91348e8-k.txt,exhibit_top,1627,True,True,True,False,False,False,False,False,False,1,1,1,1,0,0,0,0,device,True,device,text
720013,COLORADO MEDTECH INC  (CIK 0000720013),3845.0,0000950134-01-507290,d91348ex99-1.txt,2001-10-15,2001-10-15,5; 7,"""warning letter""",https://www.sec.gov/Archives/edgar/data/720013/000095013401507290/d91348ex99-1.txt,exhibit_top,4172,True,True,True,False,False,False,False,False,False,1,1,5,3,0,0,0,0,device,True,device,text
805928,LECTEC CORP /MN/  (AXGN)  (CIK 0000805928),3845.0,0000950134-06-012015,c06221exv99w1.txt,2006-06-22,2006-06-21,8.01; 9.01,"""voluntary recall""",https://www.sec.gov/Archives/edgar/data/805928/000095013406012015/c06221exv99w1.txt,exhibit_top,3557,True,False,False,False,False,True,True,False,False,1,1,0,0,0,0,0,0,unspecified,False,device,sic_fallback
885741,GLIATECH INC  (CIK 0000885741),2836.0,0000950152-02-002646,l93566aex99-1.txt,2002-04-01,2002-04-01,5; 7,"""product recall""",https://www.sec.gov/Archives/edgar/data/885741/000095015202002646/l93566aex99-1.txt,exhibit_top,13161,True,False,False,False,True,True,True,False,False,1,1,4,0,0,0,0,0,device,True,pharma_bio,text
749647,CELSION CORP  (IMNN)  (CIK 0000749647),3845.0,0001005150-04-001283,ex99-2.txt,2004-06-02,2004-05-28,5,"""warning letter""",https://www.sec.gov/Archives/edgar/data/749647/000100515004001283/ex99-2.txt,exhibit_top,4292,True,True,True,False,False,False,False,False,False,1,1,2,0,0,0,0,0,device,True,device,text
1125280,"Intellicell Biosciences, Inc.  (CIK 0001125280)",3841.0,0001013762-12-000722,ex991.htm,2012-04-03,2012-03-28,8.01; 9.01,"""warning letter""",https://www.sec.gov/Archives/edgar/data/1125280/000101376212000722/ex991.htm,exhibit_top,4125,True,True,True,False,False,False,False,False,False,1,1,0,0,0,0,0,0,unspecified,False,device,sic_fallback
1125280,"Intellicell Biosciences, Inc.  (CIK 0001125280)",3841.0,0001013762-12-000722,form8k.htm,2012-04-03,2012-03-28,8.01; 9.01,"""warning letter""",https://www.sec.gov/Archives/edgar/data/1125280/000101376212000722/form8k.htm,item_anchored,2383,True,True,True,False,False,False,False,False,False,1,1,0,0,0,0,0,0,unspecified,False,device,sic_fallback
1125280,"Intellicell Biosciences, Inc.  (CIK 0001125280)",3841.0,0001013762-12-002212,form8k.htm,2012-11-21,2012-11-13,1.01; 3.02; 5.02; 8.01; 9.01,"""warning letter""",https://www.sec.gov/Archives/edgar/data/1125280/000101376212002212/form8k.htm,item_anchored,10241,True,True,True,False,False,False,False,False,False,1,1,0,0,0,0,0,0,unspecified,False,device,sic_fallback
1033905,LUMINEX CORP  (CIK 0001033905),3841.0,0001033905-20-000078,lmnx-20200626.htm,2020-06-29,2020-06-26,8.01,"""warning letter""",https://www.sec.gov/Archives/edgar/data/1033905/000103390520000078/lmnx-20200626.htm,item_anchored,7262,True,True,True,False,False,False,True,False,False,1,1,4,0,0,0,0,0,device,True,device,text
1033905,LUMINEX CORP  (CIK 0001033905),3841.0,0001033905-20-000084,lmnx-20200626.htm,2020-06-29,2020-06-26,8.01; 9.01,"""warning letter""",https://www.sec.gov/Archives/edgar/data/1033905/000103390520000084/lmnx-20200626.htm,item_anchored,7702,True,True,True,False,False,False,True,False,False,1,1,4,0,0,0,0,0,device,True,device,text
1035267,INTUITIVE SURGICAL INC  (ISRG)  (CIK 0001035267),3842.0,0001035267-14-000058,a8kfdaclearanceq22014.htm,2014-05-01,2014-05-01,8.01; 9.01,"""warning letter""",https://www.sec.gov/Archives/edgar/data/1035267/000103526714000058/a8kfdaclearanceq22014.htm,item_anchored,2505,True,True,True,False,False,False,False,False,False,1,1,0,0,0,0,0,0,unspecified,False,device,sic_fallback
720013,COLORADO MEDTECH INC  (CIK 0000720013),3845.0,0001035704-01-500344,d90706ex99-1.txt,2001-09-17,2001-09-17,5; 7,"""warning letter""",https://www.sec.gov/Archives/edgar/data/720013/000103570401500344/d90706ex99-1.txt,exhibit_top,2557,True,True,True,False,False,False,False,False,False,1,1,3,2,0,0,0,0,device,True,device,text
885725,BOSTON SCIENTIFIC CORP  (BSX)  (CIK 0000885725),3841.0,0001072613-07-000982,exh99-1_15087.htm,2007-04-23,2007-04-23,2.02; 9.01,"""warning letter""",https://www.sec.gov/Archives/edgar/data/885725/000107261307000982/exh99-1_15087.htm,exhibit_top,25828,True,True,True,False,False,False,False,False,False,1,1,11,0,0,0,1,0,device,True,device,text
885725,BOSTON SCIENTIFIC CORP  (BSX)  (CIK 0000885725),3841.0,0001072613-10-000728,exh99-1_16891.htm,2010-08-11,2010-08-11,8.01; 9.01,"""warning letter""",https://www.sec.gov/Archives/edgar/data/885725/000107261310000728/exh99-1_16891.htm,exhibit_top,3831,True,True,True,False,False,False,False,False,False,1,1,1,1,0,0,0,0,device,True,device,text
885725,BOSTON SCIENTIFIC CORP  (BSX)  (CIK 0000885725),3841.0,0001072613-10-000728,form8-k_16891.htm,2010-08-11,2010-08-11,8.01; 9.01,"""warning letter""",https://www.sec.gov/Archives/edgar/data/885725/000107261310000728/form8-k_16891.htm,item_anchored,2326,True,True,True,False,False,False,False,False,False,1,1,0,0,0,0,0,0,unspecified,False,device,sic_fallback
1093557,DEXCOM INC  (DXCM)  (CIK 0001093557),3841.0,0001093557-25-000047,dxcm-20250304.htm,2025-03-07,2025-03-04,7.01; 8.01,"""warning letter""",https://www.sec.gov/Archives/edgar/data/1093557/000109355725000047/dxcm-20250304.htm,item_anchored,6020,True,True,True,False,False,False,False,False,False,1,1,0,0,0,0,0,0,unspecified,False,device,sic_fallback
706698,UTAH MEDICAL PRODUCTS INC  (UTMD)  (CIK 0000706698),3841.0,0001096906-04-000075,umed8kfeb1104ex.txt,2004-02-11,2004-02-11,9,"""warning letter""",https://www.sec.gov/Archives/edgar/data/706698/000109690604000075/umed8kfeb1104ex.txt,exhibit_top,5469,True,True,True,False,False,False,False,False,False,1,1,5,0,0,0,0,0,device,True,device,text
815093,ANGEION CORP/MN  (CIK 0000815093),3841.0,0001104659-04-027921,a04-10666_18k.htm,2004-09-17,2004-09-13,8.01,"""product recall""",https://www.sec.gov/Archives/edgar/data/815093/000110465904027921/a04-10666_18k.htm,item_anchored,4231,True,False,False,False,False,True,True,False,False,1,1,1,1,0,0,0,0,device,True,device,text
902600,AKSYS LTD  (CIK 0000902600),3845.0,0001104659-06-042679,a06-13897_28k.htm,2006-06-20,2006-06-08,8.01; 9.01,"""warning letter""",https://www.sec.gov/Archives/edgar/data/902600/000110465906042679/a06-13897_28k.htm,item_anchored,2344,True,True,True,False,False,False,False,False,False,1,1,0,0,0,0,0,0,unspecified,False,device,sic_fallback
902600,AKSYS LTD  (CIK 0000902600),3845.0,0001104659-06-042679,a06-13897_2ex99d1.htm,2006-06-20,2006-06-08,8.01; 9.01,"""warning letter""",https://www.sec.gov/Archives/edgar/data/902600/000110465906042679/a06-13897_2ex99d1.htm,exhibit_top,3957,True,True,True,False,False,False,False,False,False,1,1,1,0,0,0,0,0,device,True,device,text
902600,AKSYS LTD  (CIK 0000902600),3845.0,0001104659-06-042679,a06-13897_2ex99d2.htm,2006-06-20,2006-06-08,8.01; 9.01,"""warning letter""",https://www.sec.gov/Archives/edgar/data/902600/000110465906042679/a06-13897_2ex99d2.htm,exhibit_top,4994,True,True,True,False,False,False,False,False,False,1,1,9,0,0,0,0,0,device,True,device,text
1099800,EDWARDS LIFESCIENCES CORP  (EW)  (CIK 0001099800),3842.0,0001104659-07-030408,a07-12023_1ex99d1.htm,2007-04-23,2007-04-23,2.02; 9.01,"""warning letter""",https://www.sec.gov/Archives/edgar/data/1099800/000110465907030408/a07-12023_1ex99d1.htm,exhibit_top,20398,True,True,True,False,False,False,False,False,False,1,1,0,0,0,0,0,0,unspecified,False,device,sic_fallback
1398090,"Power Medical Interventions, Inc.  (CIK 0001398090)",3841.0,0001104659-08-065731,a08-26853_18k.htm,2008-10-24,2008-10-22,3.01; 8.01; 9.01,"""warning letter""",https://www.sec.gov/Archives/edgar/data/1398090/000110465908065731/a08-26853_18k.htm,item_anchored,2912,True,True,True,True,True,False,False,False,False,2,2,1,1,0,0,0,0,device,True,device,text
1398090,"Power Medical Interventions, Inc.  (CIK 0001398090)",3841.0,0001104659-08-065731,a08-26853_1ex99d1.htm,2008-10-24,2008-10-22,3.01; 8.01; 9.01,"""warning letter""",https://www.sec.gov/Archives/edgar/data/1398090/000110465908065731/a08-26853_1ex99d1.htm,exhibit_top,6217,True,True,True,True,True,False,False,False,False,2,2,2,1,0,0,0,0,device,True,device,text
1274057,HOSPIRA INC  (CIK 0001274057),2834.0,0001104659-10-020094,a10-8286_18k.htm,2010-04-16,2010-04-13,8.01,"""warning letter""",https://www.sec.gov/Archives/edgar/data/1274057/000110465910020094/a10-8286_18k.htm,item_anchored,5285,True,True,True,False,True,False,False,False,False,1,1,1,0,0,0,0,0,device,True,pharma_bio,text
350907,THORATEC CORP  (CIK 0000350907),3845.0,0001104659-12-001791,a12-2665_18k.htm,2012-01-12,2012-01-04,8.01,"""warning letter""",https://www.sec.gov/Archives/edgar/data/350907/000110465912001791/a12-2665_18k.htm,item_anchored,4530,True,True,True,True,True,False,False,False,False,2,2,1,1,0,0,0,0,device,True,device,text
1274057,HOSPIRA INC  (CIK 0001274057),2834.0,0001104659-12-060486,a12-19018_1ex99d1.htm,2012-08-28,2012-08-23,8.01; 9.01,"""initiated a recall""; ""warning letter""",https://www.sec.gov/Archives/edgar/data/1274057/000110465912060486/a12-19018_1ex99d1.htm,exhibit_top,13586,True,True,True,False,False,False,True,False,False,1,1,9,0,0,0,0,0,device,True,pharma_bio,text
1274057,HOSPIRA INC  (CIK 0001274057),2834.0,0001104659-13-041087,a13-12216_1ex99d2.htm,2013-05-14,2013-05-10,8.01; 9.01,"""warning letter""",https://www.sec.gov/Archives/edgar/data/1274057/000110465913041087/a13-12216_1ex99d2.htm,exhibit_top,20969,True,True,True,False,True,False,False,False,False,1,1,34,2,0,0,0,0,device,True,pharma_bio,text
1325618,IRADIMED CORP  (IRMD)  (CIK 0001325618),3841.0,0001104659-14-064347,a14-20399_18k.htm,2014-09-03,2014-09-02,8.01; 9.01,"""warning letter""",https://www.sec.gov/Archives/edgar/data/1325618/000110465914064347/a14-20399_18k.htm,item_anchored,9942,True,True,True,False,False,False,False,False,False,1,1,8,0,0,0,0,0,device,True,device,text
1325618,IRADIMED CORP  (IRMD)  (CIK 0001325618),3841.0,0001104659-14-064347,a14-20399_1ex99d1.htm,2014-09-03,2014-09-02,8.01; 9.01,"""initiated a recall""; ""warning letter""",https://www.sec.gov/Archives/edgar/data/1325618/000110465914064347/a14-20399_1ex99d1.htm,exhibit_top,18403,True,True,True,False,False,False,True,False,False,1,1,30,0,0,0,0,0,device,True,device,text
1325618,IRADIMED CORP  (IRMD)  (CIK 0001325618),3841.0,0001104659-14-064347,a14-20399_1ex99d2.htm,2014-09-03,2014-09-02,8.01; 9.01,"""warning letter""",https://www.sec.gov/Archives/edgar/data/1325618/000110465914064347/a14-20399_1ex99d2.htm,exhibit_top,4224,True,True,True,False,False,False,False,False,False,1,1,5,1,0,0,0,0,device,True,device,text
1325618,IRADIMED CORP  (IRMD)  (CIK 0001325618),3841.0,0001104659-14-088058,a14-26606_1ex99d1.htm,2014-12-22,2014-12-22,7.01; 9.01,"""warning letter""",https://www.sec.gov/Archives/edgar/data/1325618/000110465914088058/a14-26606_1ex99d1.htm,exhibit_top,4936,True,True,True,False,False,False,False,False,False,1,1,6,2,0,0,0,0,device,True,device,text
1325618,IRADIMED CORP  (IRMD)  (CIK 0001325618),3841.0,0001104659-15-004890,a15-3228_1ex99d1.htm,2015-01-28,2015-01-28,7.01; 9.01,"""warning letter""",https://www.sec.gov/Archives/edgar/data/1325618/000110465915004890/a15-3228_1ex99d1.htm,exhibit_top,4726,True,True,True,False,False,False,False,False,False,1,1,5,2,0,0,0,0,device,True,device,text
1325618,IRADIMED CORP  (IRMD)  (CIK 0001325618),3841.0,0001104659-15-006807,a15-3713_1ex99d1.htm,2015-02-05,2015-02-05,2.02; 9.01,"""warning letter""",https://www.sec.gov/Archives/edgar/data/1325618/000110465915006807/a15-3713_1ex99d1.htm,exhibit_top,15516,True,True,True,False,False,False,False,False,False,1,1,3,1,0,0,0,0,device,True,device,text
203077,ST JUDE MEDICAL INC  (CIK 0000203077),3845.0,0001104659-15-068928,a15-20681_18k.htm,2015-10-02,2015-10-01,8.01; 9.01,"""warning letter""",https://www.sec.gov/Archives/edgar/data/203077/000110465915068928/a15-20681_18k.htm,item_anchored,3929,True,True,True,False,False,False,False,False,False,1,1,0,0,0,0,0,0,unspecified,False,device,sic_fallback
203077,ST JUDE MEDICAL INC  (CIK 0000203077),3845.0,0001104659-15-068928,a15-20681_1ex99d1.htm,2015-10-02,2015-10-01,8.01; 9.01,"""warning letter""",https://www.sec.gov/Archives/edgar/data/203077/000110465915068928/a15-20681_1ex99d1.htm,exhibit_top,10673,True,True,True,False,False,False,False,False,False,1,1,9,1,0,0,0,0,device,True,device,text
1492674,"T2 Biosystems, Inc.  (TTOO)  (CIK 0001492674)",3841.0,0001104659-16-131541,a16-14599_18k.htm,2016-07-07,2016-07-07,5.02; 7.01; 8.01; 9.01,"""voluntary recall""",https://www.sec.gov/Archives/edgar/data/1492674/000110465916131541/a16-14599_18k.htm,item_anchored,7780,True,False,False,False,False,True,True,False,False,1,1,0,0,0,0,0,0,unspecified,False,device,sic_fallback
1393434,"OCULAR THERAPEUTIX, INC  (OCUL)  (CIK 0001393434)",2834.0,0001104659-18-062857,a18-36985_1ex99d1.htm,2018-10-19,2018-10-18,8.01; 9.01,"""warning letter""",https://www.sec.gov/Archives/edgar/data/1393434/000110465918062857/a18-36985_1ex99d1.htm,exhibit_top,6126,True,True,True,False,False,False,False,False,False,1,1,5,2,1,0,0,0,device,True,pharma_bio,text
1325618,IRADIMED CORP  (IRMD)  (CIK 0001325618),3841.0,0001104659-19-053299,a19-19683_18k.htm,2019-10-08,2019-10-08,8.01; 9.01,"""warning letter""",https://www.sec.gov/Archives/edgar/data/1325618/000110465919053299/a19-19683_18k.htm,item_anchored,5575,True,True,True,False,False,False,False,False,False,1,1,0,0,0,0,0,0,unspecified,False,device,sic_fallback
1325618,IRADIMED CORP  (IRMD)  (CIK 0001325618),3841.0,0001104659-19-053299,a19-19683_1ex99d1.htm,2019-10-08,2019-10-08,8.01; 9.01,"""warning letter""",https://www.sec.gov/Archives/edgar/data/1325618/000110465919053299/a19-19683_1ex99d1.htm,exhibit_top,5626,True,True,True,False,False,False,False,False,False,1,1,4,2,0,0,0,0,device,True,device,text
1325618,IRADIMED CORP  (IRMD)  (CIK 0001325618),3841.0,0001104659-19-053299,a19-19683_1ex99d2.htm,2019-10-08,2019-10-08,8.01; 9.01,"""warning letter""",https://www.sec.gov/Archives/edgar/data/1325618/000110465919053299/a19-19683_1ex99d2.htm,exhibit_top,1504,True,True,True,False,False,False,False,False,False,1,1,1,0,0,0,0,0,device,True,device,text
1393434,"OCULAR THERAPEUTIX, INC  (OCUL)  (CIK 0001393434)",2834.0,0001104659-20-114553,tm2033068-1_8k.htm,2020-10-13,2020-10-13,8.01,"""warning letter""",https://www.sec.gov/Archives/edgar/data/1393434/000110465920114553/tm2033068-1_8k.htm,item_anchored,15641,True,True,True,False,False,False,False,False,False,1,1,3,0,0,0,0,0,device,True,pharma_bio,text
1708527,"AZIYO BIOLOGICS, INC.  (ELUT)  (CIK 0001708527)",2836.0,0001104659-21-077403,tm2118976d1_ex99-1.htm,2021-06-07,2021-06-07,7.01; 8.01; 9.01,"""voluntary recall""",https://www.sec.gov/Archives/edgar/data/1708527/000110465921077403/tm2118976d1_ex99-1.htm,exhibit_top,5692,True,False,False,False,False,True,True,False,False,1,1,2,0,0,0,0,0,device,True,pharma_bio,text
1708527,"AZIYO BIOLOGICS, INC.  (ELUT)  (CIK 0001708527)",2836.0,0001104659-21-083763,tm2120339d1_8k.htm,2021-06-22,2021-06-22,8.01,"""voluntary recall""",https://www.sec.gov/Archives/edgar/data/1708527/000110465921083763/tm2120339d1_8k.htm,item_anchored,8501,True,False,False,False,False,True,True,False,False,1,1,1,0,0,0,0,0,device,True,pharma_bio,text
1708527,"AZIYO BIOLOGICS, INC.  (ELUT)  (CIK 0001708527)",2836.0,0001104659-23-080808,tm2321274d1_ex99-1.htm,2023-07-13,2023-07-13,7.01; 8.01; 9.01,"""product recall""; ""voluntary recall""",https://www.sec.gov/Archives/edgar/data/1708527/000110465923080808/tm2321274d1_ex99-1.htm,exhibit_top,6237,True,False,False,False,False,True,True,False,False,1,1,4,1,0,0,0,0,device,True,pharma_bio,text
946563,RETRACTABLE TECHNOLOGIES INC  (RVP)  (CIK 0000946563),3841.0,0001104659-24-025003,tm246569d1_8k.htm,2024-02-16,2024-02-05,8.01,"""voluntary recall""",https://www.sec.gov/Archives/edgar/data/946563/000110465924025003/tm246569d1_8k.htm,item_anchored,3465,True,False,False,False,False,True,True,False,False,1,1,0,0,0,0,0,0,unspecified,False,device,sic_fallback
1030206,VASCULAR SOLUTIONS INC  (CIK 0001030206),3841.0,0001140361-13-017181,ex99_1.htm,2013-04-23,2013-04-23,2.02; 9.01,"""initiated a recall""; ""product recall""",https://www.sec.gov/Archives/edgar/data/1030206/000114036113017181/ex99_1.htm,exhibit_top,19048,True,False,False,False,False,True,True,False,False,1,1,19,1,0,0,0,0,device,True,device,text
1030206,VASCULAR SOLUTIONS INC  (CIK 0001030206),3841.0,0001140361-13-028680,ex99_1.htm,2013-07-23,2013-07-23,2.02; 9.01,"""initiated a recall""; ""product recall""",https://www.sec.gov/Archives/edgar/data/1030206/000114036113028680/ex99_1.htm,exhibit_top,18665,True,False,False,False,False,True,True,False,False,1,1,19,0,0,0,0,0,device,True,device,text
1030206,VASCULAR SOLUTIONS INC  (CIK 0001030206),3841.0,0001140361-13-039272,ex99_1.htm,2013-10-22,2013-10-22,2.02; 9.01,"""initiated a recall""; ""product recall""",https://www.sec.gov/Archives/edgar/data/1030206/000114036113039272/ex99_1.htm,exhibit_top,20368,True,False,False,False,False,True,True,False,False,1,1,17,0,0,0,0,0,device,True,device,text
896747,AMERICAN BIO MEDICA CORP  (ABMC)  (CIK 0000896747),2834.0,0001144204-10-054928,v199629_8k.htm,2010-10-21,2010-10-16,8.01,"""warning letter""",https://www.sec.gov/Archives/edgar/data/896747/000114420410054928/v199629_8k.htm,item_anchored,5506,True,True,True,False,False,False,False,False,False,1,1,1,0,0,0,0,0,device,True,pharma_bio,text
1453593,"Bacterin International Holdings, Inc.  (XTNT)  (CIK 0001453593)",2836.0,0001144204-11-049297,v233049_ex99-2.htm,2011-08-23,2011-08-23,7.01; 9.01,"""voluntary recall""",https://www.sec.gov/Archives/edgar/data/1453593/000114420411049297/v233049_ex99-2.htm,exhibit_top,2806,True,False,False,False,False,True,True,False,False,1,1,1,0,0,0,0,0,device,True,pharma_bio,text
930775,ENCISION INC  (ECIA)  (CIK 0000930775),3841.0,0001144204-11-058162,v237423_ex99-1.htm,2011-10-18,2011-10-17,8.01; 9.01,"""recall of certain""; ""voluntary recall""",https://www.sec.gov/Archives/edgar/data/930775/000114420411058162/v237423_ex99-1.htm,exhibit_top,3725,True,False,False,False,False,True,True,False,False,1,1,1,1,0,0,0,0,device,True,device,text
896747,AMERICAN BIO MEDICA CORP  (ABMC)  (CIK 0000896747),2834.0,0001144204-12-038771,v318077_ex99-1.htm,2012-07-10,2012-07-10,1.01; 8.01; 9.01,"""warning letter""",https://www.sec.gov/Archives/edgar/data/896747/000114420412038771/v318077_ex99-1.htm,exhibit_top,5263,True,True,True,False,False,False,False,False,False,1,1,1,0,0,0,0,0,device,True,pharma_bio,text
930775,ENCISION INC  (ECIA)  (CIK 0000930775),3841.0,0001144204-12-058377,v326887_ex99-1.htm,2012-10-30,2012-10-30,2.02; 9.01,"""voluntary recall""",https://www.sec.gov/Archives/edgar/data/930775/000114420412058377/v326887_ex99-1.htm,exhibit_top,6568,True,False,False,False,False,True,True,False,False,1,1,1,1,0,0,0,0,device,True,device,text
1488039,ATOSSA GENETICS INC  (ATOS)  (CIK 0001488039),3841.0,0001144204-13-010832,v336096_8k.htm,2013-02-25,2013-02-21,8.01,"""warning letter""",https://www.sec.gov/Archives/edgar/data/1488039/000114420413010832/v336096_8k.htm,item_anchored,5910,True,True,True,False,False,False,False,False,False,1,1,1,0,2,0,0,0,mixed,False,device,sic_fallback
1488039,ATOSSA GENETICS INC  (ATOS)  (CIK 0001488039),3841.0,0001144204-13-054080,v356815_8k.htm,2013-10-04,2013-10-04,8.01; 9.01,"""voluntary recall""",https://www.sec.gov/Archives/edgar/data/1488039/000114420413054080/v356815_8k.htm,item_anchored,3585,True,False,False,False,False,True,True,False,False,1,1,0,0,0,0,0,0,unspecified,False,device,sic_fallback
1488039,ATOSSA GENETICS INC  (ATOS)  (CIK 0001488039),3841.0,0001144204-13-054080,v356815_ex99-1.htm,2013-10-04,2013-10-04,8.01; 9.01,"""voluntary recall""; ""warning letter""",https://www.sec.gov/Archives/edgar/data/1488039/000114420413054080/v356815_ex99-1.htm,exhibit_top,5088,True,False,True,False,False,True,True,False,False,1,1,1,1,0,0,0,0,device,True,device,text
1488039,ATOSSA GENETICS INC  (ATOS)  (CIK 0001488039),3841.0,0001144204-13-054080,v356815_ex99-2.htm,2013-10-04,2013-10-04,8.01; 9.01,"""voluntary recall""; ""warning letter""",https://www.sec.gov/Archives/edgar/data/1488039/000114420413054080/v356815_ex99-2.htm,exhibit_top,13613,True,False,True,False,False,True,True,False,False,1,1,3,0,3,0,0,0,mixed,False,device,sic_fallback
1196298,NEPHROS INC  (NEPH)  (CIK 0001196298),3841.0,0001144204-13-057730,v358589_8k.htm,2013-10-30,2013-10-30,8.01,"""voluntary recall""",https://www.sec.gov/Archives/edgar/data/1196298/000114420413057730/v358589_8k.htm,item_anchored,7049,True,False,False,False,False,True,True,False,False,1,1,2,0,0,0,0,0,device,True,device,text
776008,STAR SCIENTIFIC INC  (CIK 0000776008),2833.0,0001144204-14-000171,v364424_ex99-3.htm,2014-01-02,2013-12-26,5.02; 5.03; 5.07; 8.01; 9.01,"""warning letter""",https://www.sec.gov/Archives/edgar/data/776008/000114420414000171/v364424_ex99-3.htm,exhibit_top,3275,True,True,True,False,False,False,False,False,False,1,1,1,1,0,0,0,0,device,True,pharma_bio,text
1433607,"InspireMD, Inc.  (NSPR)  (CIK 0001433607)",3841.0,0001144204-14-026085,v376662_ex99-1.htm,2014-04-30,2014-04-30,8.01; 9.01,"""field action""",https://www.sec.gov/Archives/edgar/data/1433607/000114420414026085/v376662_ex99-1.htm,exhibit_top,6498,True,False,False,False,False,True,True,False,False,1,1,5,2,0,0,0,0,device,True,device,text
1433607,"InspireMD, Inc.  (NSPR)  (CIK 0001433607)",3841.0,0001144204-14-028746,v377996_ex99-1.htm,2014-05-08,2014-05-07,2.02; 8.01; 9.01,"""field action""",https://www.sec.gov/Archives/edgar/data/1433607/000114420414028746/v377996_ex99-1.htm,exhibit_top,19643,True,False,False,False,False,True,True,False,False,1,1,6,1,0,0,0,0,device,True,device,text
1433607,"InspireMD, Inc.  (NSPR)  (CIK 0001433607)",3841.0,0001144204-14-039079,v382089_ex99-1.htm,2014-06-23,2014-06-23,8.01; 9.01,"""field action""",https://www.sec.gov/Archives/edgar/data/1433607/000114420414039079/v382089_ex99-1.htm,exhibit_top,5383,True,False,False,False,False,True,True,False,False,1,1,3,2,0,0,0,0,device,True,device,text
1433607,"InspireMD, Inc.  (NSPR)  (CIK 0001433607)",3841.0,0001144204-14-044584,v384553_ex99-1.htm,2014-07-24,2014-07-23,2.02; 9.01,"""field action""",https://www.sec.gov/Archives/edgar/data/1433607/000114420414044584/v384553_ex99-1.htm,exhibit_top,22465,True,False,False,False,False,True,True,False,False,1,1,6,0,0,0,0,0,device,True,device,text
1433607,"InspireMD, Inc.  (NSPR)  (CIK 0001433607)",3841.0,0001144204-14-063476,v392445_8k.htm,2014-10-29,2014-10-29,8.01; 9.01,"""field action""",https://www.sec.gov/Archives/edgar/data/1433607/000114420414063476/v392445_8k.htm,item_anchored,2256,True,False,False,False,False,True,True,False,False,1,1,0,0,0,0,0,0,unspecified,False,device,sic_fallback
1433607,"InspireMD, Inc.  (NSPR)  (CIK 0001433607)",3841.0,0001144204-14-063476,v392445_ex99-1.htm,2014-10-29,2014-10-29,8.01; 9.01,"""field action""",https://www.sec.gov/Archives/edgar/data/1433607/000114420414063476/v392445_ex99-1.htm,exhibit_top,7386,True,False,False,False,False,True,True,False,False,1,1,4,0,0,0,0,0,device,True,device,text
1433607,"InspireMD, Inc.  (NSPR)  (CIK 0001433607)",3841.0,0001144204-14-067220,v394142_ex99-1.htm,2014-11-12,2014-11-12,2.02; 9.01,"""field action""",https://www.sec.gov/Archives/edgar/data/1433607/000114420414067220/v394142_ex99-1.htm,exhibit_top,21699,True,False,False,False,False,True,True,False,False,1,1,4,2,0,0,0,0,device,True,device,text
1196298,NEPHROS INC  (NEPH)  (CIK 0001196298),3841.0,0001144204-15-035026,v412288_ex99-1.htm,2015-06-02,2015-05-25,8.01; 9.01,"""warning letter""",https://www.sec.gov/Archives/edgar/data/1196298/000114420415035026/v412288_ex99-1.htm,exhibit_top,13419,True,True,True,False,True,False,False,False,False,1,1,19,1,0,0,0,0,device,True,device,text
1196298,NEPHROS INC  (NEPH)  (CIK 0001196298),3841.0,0001144204-15-050078,v418286_8k.htm,2015-08-17,2015-08-12,5.02; 8.01; 9.01,"""warning letter""",https://www.sec.gov/Archives/edgar/data/1196298/000114420415050078/v418286_8k.htm,item_anchored,6855,True,True,True,False,True,False,False,False,False,1,1,1,0,0,0,0,0,device,True,device,text
1196298,NEPHROS INC  (NEPH)  (CIK 0001196298),3841.0,0001144204-15-050078,v418286_ex99-2.htm,2015-08-17,2015-08-12,5.02; 8.01; 9.01,"""warning letter""",https://www.sec.gov/Archives/edgar/data/1196298/000114420415050078/v418286_ex99-2.htm,exhibit_top,2775,True,True,True,False,True,False,False,False,False,1,1,0,0,0,0,0,0,unspecified,False,device,sic_fallback
1145197,INSULET CORP  (PODD)  (CIK 0001145197),3841.0,0001145197-15-000043,podd2015-06x108k.htm,2015-06-10,2015-06-10,8.01; 9.01,"""warning letter""",https://www.sec.gov/Archives/edgar/data/1145197/000114519715000043/podd2015-06x108k.htm,item_anchored,3354,True,True,True,False,False,False,False,False,False,1,1,0,0,0,0,0,0,unspecified,False,device,sic_fallback
1137861,WRIGHT MEDICAL GROUP INC  (CIK 0001137861),3842.0,0001157523-04-009846,a4751101ex99.txt,2004-10-26,2004-10-26,2.02; 9.01,"""product recall""; ""recall of certain""; ""voluntary recall""",https://www.sec.gov/Archives/edgar/data/1137861/000115752304009846/a4751101ex99.txt,exhibit_top,20320,True,False,False,False,False,True,True,False,False,1,1,2,1,0,0,0,0,device,True,device,text
929987,GUIDANT CORP  (CIK 0000929987),3841.0,0001157523-05-006358,a4934942ex991.txt,2005-07-21,2005-07-21,2.02; 9.01,"""field action""",https://www.sec.gov/Archives/edgar/data/929987/000115752305006358/a4934942ex991.txt,exhibit_top,18999,True,False,False,False,False,True,True,False,False,1,1,23,3,0,0,0,0,device,True,device,text
898437,"Anika Therapeutics, Inc.  (ANIK)  (CIK 0000898437)",3841.0,0001157523-18-000944,a51799996ex99_1.htm,2018-05-02,2018-05-02,2.02; 9.01,"""product recall""; ""recall of certain""; ""voluntary recall""",https://www.sec.gov/Archives/edgar/data/898437/000115752318000944/a51799996ex99_1.htm,exhibit_top,15325,True,False,False,False,False,True,True,False,False,1,1,0,0,0,0,0,0,unspecified,False,device,sic_fallback
704440,REPRO MED SYSTEMS INC  (KRMD)  (CIK 0000704440),3841.0,0001161697-16-000750,form_8-k.htm,2016-03-18,2016-02-29,8.01,"""warning letter""",https://www.sec.gov/Archives/edgar/data/704440/000116169716000750/form_8-k.htm,item_anchored,2818,True,True,True,False,False,False,False,False,False,1,1,0,0,0,0,0,0,unspecified,False,device,sic_fallback
704440,REPRO MED SYSTEMS INC  (KRMD)  (CIK 0000704440),3841.0,0001161697-17-000503,ex_99-1.htm,2017-11-24,2017-11-17,5.02; 8.01; 9.01,"""warning letter""",https://www.sec.gov/Archives/edgar/data/704440/000116169717000503/ex_99-1.htm,exhibit_top,3875,True,True,True,False,False,False,False,False,False,1,1,1,0,0,0,0,0,device,True,device,text
704440,REPRO MED SYSTEMS INC  (KRMD)  (CIK 0000704440),3841.0,0001161697-17-000503,form_8-k.htm,2017-11-24,2017-11-17,5.02; 8.01; 9.01,"""warning letter""",https://www.sec.gov/Archives/edgar/data/704440/000116169717000503/form_8-k.htm,item_anchored,3986,True,True,True,False,False,False,False,False,False,1,1,0,0,0,0,0,0,unspecified,False,device,sic_fallback
1674632,"Beta Bionics, Inc.  (BBNX)  (CIK 0001674632)",3841.0,0001171843-26-000538,f8k_012926.htm,2026-01-30,2026-01-29,8.01,"""warning letter""",https://www.sec.gov/Archives/edgar/data/1674632/000117184326000538/f8k_012926.htm,item_anchored,6621,True,True,True,False,True,False,True,False,False,1,1,2,0,0,0,0,0,device,True,device,text
1180145,Cardiovascular Systems Inc  (CIK 0001180145),3841.0,0001180145-17-000019,release170410pumprecallpre.htm,2017-04-18,2017-04-17,2.02; 8.01; 9.01,"""voluntary recall""",https://www.sec.gov/Archives/edgar/data/1180145/000118014517000019/release170410pumprecallpre.htm,exhibit_top,5133,True,False,False,False,False,True,True,False,False,1,1,4,2,0,0,0,0,device,True,device,text
1180145,Cardiovascular Systems Inc  (CIK 0001180145),3841.0,0001180145-17-000022,ex991releaseq317.htm,2017-05-03,2017-05-03,2.02; 9.01,"""voluntary recall""",https://www.sec.gov/Archives/edgar/data/1180145/000118014517000022/ex991releaseq317.htm,exhibit_top,28624,True,False,False,False,False,True,True,False,False,1,1,11,1,0,0,0,0,device,True,device,text
1180145,Cardiovascular Systems Inc  (CIK 0001180145),3841.0,0001180145-21-000054,csii-20211124.htm,2021-11-24,2021-11-24,8.01; 9.01,"""voluntary recall""",https://www.sec.gov/Archives/edgar/data/1180145/000118014521000054/csii-20211124.htm,item_anchored,4967,True,False,False,False,False,True,True,False,False,1,1,0,0,0,0,0,0,unspecified,False,device,sic_fallback
1180145,Cardiovascular Systems Inc  (CIK 0001180145),3841.0,0001180145-21-000054,exhibit991-112421.htm,2021-11-24,2021-11-24,8.01; 9.01,"""voluntary recall""",https://www.sec.gov/Archives/edgar/data/1180145/000118014521000054/exhibit991-112421.htm,exhibit_top,2459,True,False,False,False,True,True,True,False,False,1,1,2,0,0,0,0,0,device,True,device,text
886046,ARROW INTERNATIONAL INC  (CIK 0000886046),3841.0,0001188112-04-001944,tex99_1-4219.txt,2004-12-08,2004-12-03,8.01; 9.01,"""voluntary recall""",https://www.sec.gov/Archives/edgar/data/886046/000118811204001944/tex99_1-4219.txt,exhibit_top,2168,True,False,False,False,False,True,True,False,False,1,1,2,2,0,0,0,0,device,True,device,text
876188,CARDIAC SCIENCE INC  (CIK 0000876188),3845.0,0001193125-04-097038,d8k.htm,2004-06-01,2004-05-04,5,"""voluntary recall""; ""warning letter""",https://www.sec.gov/Archives/edgar/data/876188/000119312504097038/d8k.htm,exhibit_top,3881,True,False,True,False,False,True,True,False,False,1,1,0,0,0,0,0,0,unspecified,False,device,sic_fallback
749647,CELSION CORP  (IMNN)  (CIK 0000749647),3845.0,0001193125-05-114738,dex992.htm,2005-05-25,2005-05-19,8.01; 9.01,"""warning letter""",https://www.sec.gov/Archives/edgar/data/749647/000119312505114738/dex992.htm,exhibit_top,15659,True,True,True,False,False,False,False,False,False,1,1,3,0,1,0,4,0,mixed,False,device,sic_fallback
1127393,HEMOSENSE INC  (CIK 0001127393),3841.0,0001193125-05-200443,d8k.htm,2005-10-13,2005-10-05,8.01; 9.01,"""warning letter""",https://www.sec.gov/Archives/edgar/data/1127393/000119312505200443/d8k.htm,item_anchored,3875,True,True,True,False,True,False,False,False,False,1,1,1,0,0,0,0,0,device,True,device,text
1100441,REGENERATION TECHNOLOGIES INC  (CIK 0001100441),3842.0,0001193125-05-201644,dex991.htm,2005-10-14,2005-10-14,8.01; 9.01,"""recall of certain""; ""voluntary recall""",https://www.sec.gov/Archives/edgar/data/1100441/000119312505201644/dex991.htm,exhibit_top,3585,True,False,False,False,False,True,True,False,False,1,1,4,2,0,0,0,0,device,True,device,text
9892,BARD C R INC /NJ/  (CIK 0000009892),3841.0,0001193125-06-011772,dex991.htm,2006-01-25,2006-01-25,2.02; 9.01,"""product recall""",https://www.sec.gov/Archives/edgar/data/9892/000119312506011772/dex991.htm,exhibit_top,13215,True,False,False,False,False,True,True,False,False,1,1,5,0,0,0,0,0,device,True,device,text
811240,BIOLASE TECHNOLOGY INC  (BIOL)  (CIK 0000811240),3843.0,0001193125-06-188670,d8k.htm,2006-09-11,2006-09-11,8.01; 9.01,"""warning letter""",https://www.sec.gov/Archives/edgar/data/811240/000119312506188670/d8k.htm,item_anchored,2178,True,True,True,False,False,False,False,False,False,1,1,0,0,0,0,0,0,unspecified,False,device,sic_fallback
811240,BIOLASE TECHNOLOGY INC  (BIOL)  (CIK 0000811240),3843.0,0001193125-06-188670,dex991.htm,2006-09-11,2006-09-11,8.01; 9.01,"""warning letter""",https://www.sec.gov/Archives/edgar/data/811240/000119312506188670/dex991.htm,exhibit_top,4660,True,True,True,False,False,False,False,False,False,1,1,1,0,0,0,0,0,device,True,device,text
1127393,HEMOSENSE INC  (CIK 0001127393),3841.0,0001193125-06-256297,d8k.htm,2006-12-19,2006-12-13,8.01,"""warning letter""",https://www.sec.gov/Archives/edgar/data/1127393/000119312506256297/d8k.htm,item_anchored,2856,True,True,True,False,False,False,False,False,False,1,1,0,0,0,0,0,0,unspecified,False,device,sic_fallback
943819,"RESMED INC  (RMD, RSMDF)  (CIK 0000943819)",3841.0,0001193125-07-087773,dex991.htm,2007-04-23,2007-04-23,2.02; 9.01,"""product recall""; ""voluntary recall""",https://www.sec.gov/Archives/edgar/data/943819/000119312507087773/dex991.htm,exhibit_top,18297,True,False,False,False,False,True,True,False,False,1,1,0,0,0,0,0,0,unspecified,False,device,sic_fallback
943819,"RESMED INC  (RMD, RSMDF)  (CIK 0000943819)",3841.0,0001193125-07-087773,dex992.htm,2007-04-23,2007-04-23,2.02; 9.01,"""voluntary recall""",https://www.sec.gov/Archives/edgar/data/943819/000119312507087773/dex992.htm,exhibit_top,3939,True,False,False,False,True,True,True,False,False,1,1,0,0,0,0,0,0,unspecified,False,device,sic_fallback
943819,"RESMED INC  (RMD, RSMDF)  (CIK 0000943819)",3841.0,0001193125-07-173739,dex991.htm,2007-08-07,2007-08-07,2.02; 9.01,"""product recall""",https://www.sec.gov/Archives/edgar/data/943819/000119312507173739/dex991.htm,exhibit_top,17504,True,False,False,False,False,True,True,False,False,1,1,0,0,0,0,0,0,unspecified,False,device,sic_fallback
878526,NATUS MEDICAL INC  (CIK 0000878526),3845.0,0001193125-07-232296,d8k.htm,2007-11-01,2007-11-01,8.01; 9.01,"""warning letter""",https://www.sec.gov/Archives/edgar/data/878526/000119312507232296/d8k.htm,item_anchored,2917,True,True,True,False,False,False,False,False,False,1,1,0,0,0,0,0,0,unspecified,False,device,sic_fallback
878526,NATUS MEDICAL INC  (CIK 0000878526),3845.0,0001193125-07-232296,dex991.htm,2007-11-01,2007-11-01,8.01; 9.01,"""warning letter""",https://www.sec.gov/Archives/edgar/data/878526/000119312507232296/dex991.htm,exhibit_top,15852,True,True,True,False,False,False,False,False,False,1,1,12,0,0,0,0,0,device,True,device,text
815065,STERIS CORP  (CIK 0000815065),3842.0,0001193125-08-123754,d8k.htm,2008-05-28,2008-05-16,8.01,"""warning letter""",https://www.sec.gov/Archives/edgar/data/815065/000119312508123754/d8k.htm,item_anchored,6964,True,True,True,False,False,False,False,False,False,1,1,2,0,0,0,0,0,device,True,device,text
943819,"RESMED INC  (RMD, RSMDF)  (CIK 0000943819)",3841.0,0001193125-08-166458,dex991.htm,2008-08-05,2008-08-05,2.02; 9.01,"""product recall""; ""voluntary recall""",https://www.sec.gov/Archives/edgar/data/943819/000119312508166458/dex991.htm,exhibit_top,10374,True,False,False,False,False,True,True,False,False,1,1,0,0,0,0,0,0,unspecified,False,device,sic_fallback
815065,STERIS CORP  (CIK 0000815065),3842.0,0001193125-09-008008,d8k.htm,2009-01-20,2009-01-20,8.01; 9.01,"""warning letter""",https://www.sec.gov/Archives/edgar/data/815065/000119312509008008/d8k.htm,item_anchored,12638,True,True,True,False,False,False,False,False,False,1,1,4,1,0,0,0,0,device,True,device,text
815065,STERIS CORP  (CIK 0000815065),3842.0,0001193125-09-008008,dex991.htm,2009-01-20,2009-01-20,8.01; 9.01,"""warning letter""",https://www.sec.gov/Archives/edgar/data/815065/000119312509008008/dex991.htm,exhibit_top,8200,True,True,True,False,False,False,False,False,False,1,1,1,0,0,0,0,0,device,True,device,text
815065,STERIS CORP  (CIK 0000815065),3842.0,0001193125-09-008008,dex992.htm,2009-01-20,2009-01-20,8.01; 9.01,"""warning letter""",https://www.sec.gov/Archives/edgar/data/815065/000119312509008008/dex992.htm,exhibit_top,3662,True,True,True,False,False,False,False,False,False,1,1,4,2,0,0,0,0,device,True,device,text
815065,STERIS CORP  (CIK 0000815065),3842.0,0001193125-09-247822,dex991.htm,2009-12-07,2009-12-03,8.01; 9.01,"""warning letter""",https://www.sec.gov/Archives/edgar/data/815065/000119312509247822/dex991.htm,exhibit_top,8026,True,True,True,False,False,False,False,False,False,1,1,0,0,0,0,0,0,unspecified,False,device,sic_fallback
310764,STRYKER CORP  (SYK)  (CIK 0000310764),3841.0,0001193125-10-066622,d8k.htm,2010-03-25,2010-03-23,8.01; 9.01,"""warning letter""",https://www.sec.gov/Archives/edgar/data/310764/000119312510066622/d8k.htm,item_anchored,2109,True,True,True,False,False,False,False,False,False,1,1,0,0,0,0,0,0,unspecified,False,device,sic_fallback
310764,STRYKER CORP  (SYK)  (CIK 0000310764),3841.0,0001193125-10-066622,dex991.htm,2010-03-25,2010-03-23,8.01; 9.01,"""warning letter""",https://www.sec.gov/Archives/edgar/data/310764/000119312510066622/dex991.htm,exhibit_top,2125,True,True,True,False,False,False,False,False,False,1,1,2,1,0,0,0,0,device,True,device,text
815065,STERIS CORP  (CIK 0000815065),3842.0,0001193125-10-087179,dex991.htm,2010-04-20,2010-04-16,5.02; 8.01; 9.01,"""warning letter""",https://www.sec.gov/Archives/edgar/data/815065/000119312510087179/dex991.htm,exhibit_top,10015,True,True,True,False,False,False,False,False,False,1,1,0,0,0,0,0,0,unspecified,False,device,sic_fallback
1350653,"Alphatec Holdings, Inc.  (ATEC)  (CIK 0001350653)",3841.0,0001193125-10-152470,d8k.htm,2010-07-01,2010-06-25,8.01,"""warning letter""",https://www.sec.gov/Archives/edgar/data/1350653/000119312510152470/d8k.htm,item_anchored,3473,True,True,True,False,True,False,False,False,False,1,1,1,0,0,0,0,0,device,True,device,text
351346,BIOMET INC  (CIK 0000351346),3842.0,0001193125-10-191135,d8k.htm,2010-08-17,2010-08-17,8.01; 9.01,"""warning letter""",https://www.sec.gov/Archives/edgar/data/351346/000119312510191135/d8k.htm,item_anchored,2036,True,True,True,False,False,False,False,False,False,1,1,0,0,0,0,0,0,unspecified,False,device,sic_fallback
351346,BIOMET INC  (CIK 0000351346),3842.0,0001193125-10-191135,dex991.htm,2010-08-17,2010-08-17,8.01; 9.01,"""warning letter""",https://www.sec.gov/Archives/edgar/data/351346/000119312510191135/dex991.htm,exhibit_top,2025,True,True,True,False,False,False,False,False,False,1,1,2,0,0,0,0,0,device,True,device,text
351346,BIOMET INC  (CIK 0000351346),3842.0,0001193125-11-028704,dex991.htm,2011-02-09,2011-02-08,8.01; 9.01,"""warning letter""",https://www.sec.gov/Archives/edgar/data/351346/000119312511028704/dex991.htm,exhibit_top,5713,True,True,True,False,False,False,False,False,False,1,1,3,1,0,0,0,0,device,True,device,text
815065,STERIS CORP  (CIK 0000815065),3842.0,0001193125-11-036312,d8k.htm,2011-02-15,2011-02-10,8.01,"""warning letter""",https://www.sec.gov/Archives/edgar/data/815065/000119312511036312/d8k.htm,item_anchored,7527,True,True,True,False,False,False,False,False,False,1,1,0,0,0,0,0,0,unspecified,False,device,sic_fallback
815065,STERIS CORP  (CIK 0000815065),3842.0,0001193125-12-267558,d364062d8k.htm,2012-06-12,2012-05-31,8.01,"""warning letter""",https://www.sec.gov/Archives/edgar/data/815065/000119312512267558/d364062d8k.htm,item_anchored,7474,True,True,True,False,False,False,False,False,False,1,1,0,0,0,0,0,0,unspecified,False,device,sic_fallback
1136869,ZIMMER HOLDINGS INC  (ZBH)  (CIK 0001136869),3842.0,0001193125-12-411474,d418978d8k.htm,2012-10-01,2012-09-25,8.01,"""field action""; ""warning letter""",https://www.sec.gov/Archives/edgar/data/1136869/000119312512411474/d418978d8k.htm,item_anchored,4620,True,True,True,False,False,False,True,False,False,1,1,2,0,0,0,0,0,device,True,device,text
815094,ABIOMED INC  (CIK 0000815094),3841.0,0001193125-13-067205,d490174d8k.htm,2013-02-20,2013-02-19,8.01; 9.01,"""warning letter""",https://www.sec.gov/Archives/edgar/data/815094/000119312513067205/d490174d8k.htm,item_anchored,2353,True,True,True,False,False,False,False,False,False,1,1,0,0,0,0,0,0,unspecified,False,device,sic_fallback
815094,ABIOMED INC  (CIK 0000815094),3841.0,0001193125-13-067205,d490174dex991.htm,2013-02-20,2013-02-19,8.01; 9.01,"""warning letter""",https://www.sec.gov/Archives/edgar/data/815094/000119312513067205/d490174dex991.htm,exhibit_top,1478,True,True,True,False,False,False,False,False,False,1,1,0,0,0,0,0,0,unspecified,False,device,sic_fallback
1142596,NUVASIVE INC  (CIK 0001142596),3841.0,0001193125-13-111300,d503614d8k.htm,2013-03-18,2013-03-13,8.01,"""warning letter""",https://www.sec.gov/Archives/edgar/data/1142596/000119312513111300/d503614d8k.htm,item_anchored,2842,True,True,True,False,False,False,False,False,False,1,1,1,0,0,0,0,0,device,True,device,text
1100441,"RTI SURGICAL, INC.  (CIK 0001100441)",3842.0,0001193125-13-403959,d614674dex991.htm,2013-10-18,2013-10-12,1.01; 8.01; 9.01,"""warning letter""",https://www.sec.gov/Archives/edgar/data/1100441/000119312513403959/d614674dex991.htm,exhibit_top,5305,True,True,True,False,False,False,False,False,False,1,1,6,1,0,0,0,0,device,True,device,text
1116463,ORASURE TECHNOLOGIES INC  (OSUR)  (CIK 0001116463),3841.0,0001193125-13-453084,d637047dex991.htm,2013-11-25,2013-11-25,7.01; 9.01,"""warning letter""",https://www.sec.gov/Archives/edgar/data/1116463/000119312513453084/d637047dex991.htm,exhibit_top,6696,True,True,True,False,False,False,False,False,False,1,1,0,0,0,0,0,0,unspecified,False,device,sic_fallback
1116463,ORASURE TECHNOLOGIES INC  (OSUR)  (CIK 0001116463),3841.0,0001193125-14-003657,d654548d8k.htm,2014-01-07,2014-01-07,7.01; 9.01,"""warning letter""",https://www.sec.gov/Archives/edgar/data/1116463/000119312514003657/d654548d8k.htm,item_anchored,3005,True,True,True,False,False,False,False,False,False,1,1,0,0,0,0,0,0,unspecified,False,device,sic_fallback
1116463,ORASURE TECHNOLOGIES INC  (OSUR)  (CIK 0001116463),3841.0,0001193125-14-003657,d654548dex991.htm,2014-01-07,2014-01-07,7.01; 9.01,"""warning letter""",https://www.sec.gov/Archives/edgar/data/1116463/000119312514003657/d654548dex991.htm,exhibit_top,8379,True,True,True,False,False,False,False,False,False,1,1,1,0,0,0,0,0,device,True,device,text
1438133,TANDEM DIABETES CARE INC  (TNDM)  (CIK 0001438133),3841.0,0001193125-14-008063,d658941dex991.htm,2014-01-10,2014-01-10,8.01; 9.01,"""product recall""; ""voluntary recall""",https://www.sec.gov/Archives/edgar/data/1438133/000119312514008063/d658941dex991.htm,exhibit_top,4264,True,False,False,False,False,True,True,False,False,1,1,1,0,0,0,0,0,device,True,device,text
1438133,TANDEM DIABETES CARE INC  (TNDM)  (CIK 0001438133),3841.0,0001193125-14-016002,d660631dex991.htm,2014-01-21,2014-01-20,8.01; 9.01,"""product recall""; ""voluntary recall""",https://www.sec.gov/Archives/edgar/data/1438133/000119312514016002/d660631dex991.htm,exhibit_top,6659,True,False,False,False,False,True,True,False,False,1,1,1,0,0,0,0,0,device,True,device,text
1389072,"HeartWare International, Inc.  (CIK 0001389072)",3841.0,0001193125-14-224699,d736322d8k.htm,2014-06-04,2014-06-04,8.01; 9.01,"""warning letter""",https://www.sec.gov/Archives/edgar/data/1389072/000119312514224699/d736322d8k.htm,item_anchored,2299,True,True,True,False,False,False,False,False,False,1,1,0,0,0,0,0,0,unspecified,False,device,sic_fallback
1389072,"HeartWare International, Inc.  (CIK 0001389072)",3841.0,0001193125-14-224699,d736322dex991.htm,2014-06-04,2014-06-04,8.01; 9.01,"""warning letter""",https://www.sec.gov/Archives/edgar/data/1389072/000119312514224699/d736322dex991.htm,exhibit_top,4071,True,True,True,False,False,False,False,False,False,1,1,2,0,0,0,0,0,device,True,device,text
1389072,"HeartWare International, Inc.  (CIK 0001389072)",3841.0,0001193125-14-288206,d766537d8k.htm,2014-07-31,2014-07-30,8.01,"""recall of certain""; ""voluntary recall""",https://www.sec.gov/Archives/edgar/data/1389072/000119312514288206/d766537d8k.htm,item_anchored,4539,True,False,False,False,False,True,True,False,False,1,1,1,1,0,0,0,0,device,True,device,text
937556,MASIMO CORP  (MASI)  (CIK 0000937556),3845.0,0001193125-14-310931,d776328d8k.htm,2014-08-15,2014-08-14,8.01; 9.01,"""warning letter""",https://www.sec.gov/Archives/edgar/data/937556/000119312514310931/d776328d8k.htm,item_anchored,5582,True,True,True,False,False,False,False,False,False,1,1,1,0,0,0,0,0,device,True,device,text
937556,MASIMO CORP  (MASI)  (CIK 0000937556),3845.0,0001193125-14-310931,d776328dex991.htm,2014-08-15,2014-08-14,8.01; 9.01,"""warning letter""",https://www.sec.gov/Archives/edgar/data/937556/000119312514310931/d776328dex991.htm,exhibit_top,9890,True,True,True,False,True,False,False,False,False,1,1,13,0,0,0,0,0,device,True,device,text
1245791,"GI DYNAMICS, INC.  (CIK 0001245791)",3841.0,0001193125-14-366411,d801640dex991.htm,2014-10-08,2014-10-06,2.02; 8.01; 9.01,"""product recall""",https://www.sec.gov/Archives/edgar/data/1245791/000119312514366411/d801640dex991.htm,exhibit_top,7158,True,False,False,False,False,True,True,False,False,1,1,5,1,0,0,0,0,device,True,device,text
1105184,NANOSPHERE INC  (CIK 0001105184),3841.0,0001193125-15-023553,d859550d8k.htm,2015-01-28,2015-01-22,2.02; 5.02; 8.01; 9.01,"""warning letter""",https://www.sec.gov/Archives/edgar/data/1105184/000119312515023553/d859550d8k.htm,item_anchored,6691,True,True,True,False,False,False,False,False,False,1,1,2,1,0,0,0,0,device,True,device,text
1105184,NANOSPHERE INC  (CIK 0001105184),3841.0,0001193125-15-023553,d859550dex991.htm,2015-01-28,2015-01-22,2.02; 5.02; 8.01; 9.01,"""warning letter""",https://www.sec.gov/Archives/edgar/data/1105184/000119312515023553/d859550dex991.htm,exhibit_top,7444,True,True,True,False,False,False,False,False,False,1,1,3,1,0,0,0,0,device,True,device,text
1105184,NANOSPHERE INC  (CIK 0001105184),3841.0,0001193125-15-023553,d859550dex992.htm,2015-01-28,2015-01-22,2.02; 5.02; 8.01; 9.01,"""warning letter""",https://www.sec.gov/Archives/edgar/data/1105184/000119312515023553/d859550dex992.htm,exhibit_top,13541,True,True,True,False,False,False,True,False,False,1,1,8,1,0,0,0,0,device,True,device,text
9892,BARD C R INC /NJ/  (CIK 0000009892),3841.0,0001193125-15-257848,d92305d8k.htm,2015-07-21,2015-07-14,8.01,"""warning letter""",https://www.sec.gov/Archives/edgar/data/9892/000119312515257848/d92305d8k.htm,item_anchored,4278,True,True,True,True,True,False,False,False,False,2,2,2,1,0,0,0,0,device,True,device,text
1093557,DEXCOM INC  (DXCM)  (CIK 0001093557),3841.0,0001193125-16-537507,d176084dex991.htm,2016-04-12,2016-04-11,8.01; 9.01,"""voluntary recall""",https://www.sec.gov/Archives/edgar/data/1093557/000119312516537507/d176084dex991.htm,exhibit_top,2739,True,False,False,False,True,True,True,False,False,1,1,1,0,0,0,0,0,device,True,device,text
1136869,"ZIMMER BIOMET HOLDINGS, INC.  (ZBH)  (CIK 0001136869)",3842.0,0001193125-16-613287,d193254d8k.htm,2016-06-06,2016-05-31,8.01,"""warning letter""",https://www.sec.gov/Archives/edgar/data/1136869/000119312516613287/d193254d8k.htm,item_anchored,5986,True,True,True,False,False,False,False,False,False,1,1,3,1,0,0,0,0,device,True,device,text
1136869,"ZIMMER BIOMET HOLDINGS, INC.  (ZBH)  (CIK 0001136869)",3842.0,0001193125-17-201936,d364994d8k.htm,2017-06-13,2017-06-13,8.01; 9.01,"""warning letter""",https://www.sec.gov/Archives/edgar/data/1136869/000119312517201936/d364994d8k.htm,item_anchored,2791,True,True,True,False,False,False,False,False,False,1,1,0,0,0,0,0,0,unspecified,False,device,sic_fallback
1136869,"ZIMMER BIOMET HOLDINGS, INC.  (ZBH)  (CIK 0001136869)",3842.0,0001193125-17-201936,d364994dex991.htm,2017-06-13,2017-06-13,8.01; 9.01,"""warning letter""",https://www.sec.gov/Archives/edgar/data/1136869/000119312517201936/d364994dex991.htm,exhibit_top,3914,True,True,True,False,False,False,False,False,False,1,1,1,0,0,0,0,0,device,True,device,text
1100441,"RTI SURGICAL, INC.  (CIK 0001100441)",3842.0,0001193125-17-341812,d493608d8k.htm,2017-11-14,2017-11-09,8.01,"""warning letter""",https://www.sec.gov/Archives/edgar/data/1100441/000119312517341812/d493608d8k.htm,item_anchored,7183,True,True,True,False,False,False,False,False,False,1,1,0,0,0,0,0,0,unspecified,False,device,sic_fallback
10456,BAXTER INTERNATIONAL INC  (BAX)  (CIK 0000010456),3841.0,0001193125-18-219421,d546747d8k.htm,2018-07-17,2018-07-17,8.01,"""warning letter""",https://www.sec.gov/Archives/edgar/data/10456/000119312518219421/d546747d8k.htm,item_anchored,6225,True,True,True,False,False,False,False,False,False,1,1,0,0,0,0,0,0,unspecified,False,device,sic_fallback
1136869,"ZIMMER BIOMET HOLDINGS, INC.  (ZBH)  (CIK 0001136869)",3842.0,0001193125-18-258149,d605327d8k.htm,2018-08-27,2018-08-24,8.01,"""warning letter""",https://www.sec.gov/Archives/edgar/data/1136869/000119312518258149/d605327d8k.htm,item_anchored,7731,True,True,True,False,False,False,False,False,False,1,1,3,1,0,0,0,0,device,True,device,text
1551693,"Sientra, Inc.  (CIK 0001551693)",3842.0,0001193125-19-082240,d726063d8k.htm,2019-03-21,2019-03-20,8.01; 9.01,"""warning letter""",https://www.sec.gov/Archives/edgar/data/1551693/000119312519082240/d726063d8k.htm,item_anchored,2602,True,True,True,False,False,False,False,False,False,1,1,0,0,0,0,0,0,unspecified,False,device,sic_fallback
1551693,"Sientra, Inc.  (CIK 0001551693)",3842.0,0001193125-19-082240,d726063dex991.htm,2019-03-21,2019-03-20,8.01; 9.01,"""warning letter""",https://www.sec.gov/Archives/edgar/data/1551693/000119312519082240/d726063dex991.htm,exhibit_top,5622,True,True,True,False,False,False,False,False,False,1,1,4,0,0,0,0,0,device,True,device,text
794172,MERIDIAN BIOSCIENCE INC  (CIK 0000794172),2835.0,0001193125-21-263299,d183634dex991.htm,2021-09-01,2021-09-01,7.01; 9.01,"""Class I recall""; ""voluntary recall""",https://www.sec.gov/Archives/edgar/data/794172/000119312521263299/d183634dex991.htm,exhibit_top,6560,True,False,False,False,False,True,True,False,False,1,1,1,0,0,0,0,0,device,True,pharma_bio,text
1484612,"Outset Medical, Inc.  (OM)  (CIK 0001484612)",3845.0,0001193125-23-183869,d511727d8k.htm,2023-07-07,2023-07-07,8.01; 9.01,"""warning letter""",https://www.sec.gov/Archives/edgar/data/1484612/000119312523183869/d511727d8k.htm,item_anchored,6335,True,True,True,False,False,False,False,False,False,1,1,0,0,0,0,0,0,unspecified,False,device,sic_fallback
47518,"Hill-Rom Holdings, Inc.  (CIK 0000047518)",3841.0,0001214659-12-001204,f3121218k.htm,2012-03-19,2012-03-02,8.01,"""warning letter""",https://www.sec.gov/Archives/edgar/data/47518/000121465912001204/f3121218k.htm,item_anchored,4312,True,True,True,False,False,False,False,False,False,1,1,0,0,0,0,0,0,unspecified,False,device,sic_fallback
1237831,GLOBUS MEDICAL INC  (GMED)  (CIK 0001237831),3841.0,0001237831-13-000046,gmed10-15x138kletter.htm,2013-10-15,2013-09-27,8.01,"""warning letter""",https://www.sec.gov/Archives/edgar/data/1237831/000123783113000046/gmed10-15x138kletter.htm,item_anchored,5166,True,True,True,False,True,False,False,False,False,1,1,1,0,0,0,0,0,device,True,device,text
1237831,GLOBUS MEDICAL INC  (GMED)  (CIK 0001237831),3841.0,0001237831-18-000041,gmed1113188k.htm,2018-11-13,2018-11-13,8.01,"""warning letter""",https://www.sec.gov/Archives/edgar/data/1237831/000123783118000041/gmed1113188k.htm,item_anchored,5749,True,True,True,False,False,False,False,False,False,1,1,0,0,0,0,0,0,unspecified,False,device,sic_fallback
898437,ANIKA THERAPEUTICS INC  (ANIK)  (CIK 0000898437),3841.0,0001275287-06-003763,at6493ex991.htm,2006-07-25,2006-07-24,2.02; 9.01,"""product recall""",https://www.sec.gov/Archives/edgar/data/898437/000127528706003763/at6493ex991.htm,exhibit_top,17092,True,False,False,False,False,True,True,False,False,1,1,0,0,0,0,0,0,unspecified,False,device,sic_fallback
320174,BSD MEDICAL CORP  (CIK 0000320174),3845.0,0001275287-07-001186,bm9248ex991.txt,2007-03-07,2007-03-05,8.01; 9.01,"""warning letter""",https://www.sec.gov/Archives/edgar/data/320174/000127528707001186/bm9248ex991.txt,exhibit_top,2185,True,True,True,False,False,False,False,False,False,1,1,1,0,0,0,0,0,device,True,device,text
320174,BSD MEDICAL CORP  (CIK 0000320174),3845.0,0001275287-07-001738,bm9571ex991.txt,2007-04-11,2007-04-11,7.01; 9.01,"""warning letter""",https://www.sec.gov/Archives/edgar/data/320174/000127528707001738/bm9571ex991.txt,exhibit_top,2481,True,True,True,False,False,False,False,False,False,1,1,1,0,0,0,0,0,device,True,device,text
864683,CYBERONICS INC  (CIK 0000864683),3845.0,0001299933-05-000062,exhibit1.htm,2005-01-05,2005-01-03,8.01,"""warning letter""",https://www.sec.gov/Archives/edgar/data/864683/000129993305000062/exhibit1.htm,exhibit_top,6943,True,True,True,False,False,False,False,False,False,1,1,8,4,0,0,0,0,device,True,device,text
864683,CYBERONICS INC  (CIK 0000864683),3845.0,0001299933-05-000062,htm_2501.htm,2005-01-05,2005-01-03,8.01,"""warning letter""",https://www.sec.gov/Archives/edgar/data/864683/000129993305000062/htm_2501.htm,item_anchored,2861,True,True,True,False,False,False,False,False,False,1,1,2,2,0,0,0,0,device,True,device,text
1305773,Conformis Inc  (CIK 0001305773),3842.0,0001305773-19-000132,a20191217_form8-k.htm,2019-12-18,2019-12-17,7.01,"""warning letter""",https://www.sec.gov/Archives/edgar/data/1305773/000130577319000132/a20191217_form8-k.htm,item_anchored,6059,True,True,True,False,False,False,False,False,False,1,1,1,0,0,0,0,0,device,True,device,text
1305773,Conformis Inc  (CIK 0001305773),3842.0,0001305773-20-000033,form8-k_03162020.htm,2020-03-17,2020-03-13,7.01,"""warning letter""",https://www.sec.gov/Archives/edgar/data/1305773/000130577320000033/form8-k_03162020.htm,item_anchored,5655,True,True,True,False,False,False,False,False,False,1,1,1,0,0,0,0,0,device,True,device,text
1305773,Conformis Inc  (CIK 0001305773),3842.0,0001305773-21-000093,cfms-20210728.htm,2021-07-30,2021-07-28,7.01,"""warning letter""",https://www.sec.gov/Archives/edgar/data/1305773/000130577321000093/cfms-20210728.htm,item_anchored,4559,True,True,True,False,False,False,False,False,False,1,1,1,0,0,0,0,0,device,True,device,text
929987,GUIDANT CORP  (CIK 0000929987),3841.0,0001341004-06-000528,guidpress.htm,2006-02-23,2006-02-23,8.01; 9.01,"""warning letter""",https://www.sec.gov/Archives/edgar/data/929987/000134100406000528/guidpress.htm,exhibit_top,3155,True,True,True,False,False,False,False,False,False,1,1,0,0,0,0,0,0,unspecified,False,device,sic_fallback
1275187,ANGIODYNAMICS INC  (ANGO)  (CIK 0001275187),3841.0,0001341004-08-001611,angio_8k.htm,2008-07-14,2008-07-10,8.01; 9.01,"""voluntary recall""",https://www.sec.gov/Archives/edgar/data/1275187/000134100408001611/angio_8k.htm,item_anchored,5485,True,False,False,False,False,True,True,False,False,1,1,2,1,0,0,0,0,device,True,device,text
1275187,ANGIODYNAMICS INC  (ANGO)  (CIK 0001275187),3841.0,0001341004-08-001611,angio_ex99-1.htm,2008-07-14,2008-07-10,8.01; 9.01,"""voluntary recall""",https://www.sec.gov/Archives/edgar/data/1275187/000134100408001611/angio_ex99-1.htm,exhibit_top,4186,True,False,False,False,False,True,True,False,False,1,1,9,5,0,0,0,0,device,True,device,text
1350653,"Alphatec Holdings, Inc.  (ATEC)  (CIK 0001350653)",3841.0,0001350653-15-000016,form8-kwarningletter72315.htm,2015-07-23,2015-07-17,8.01,"""warning letter""",https://www.sec.gov/Archives/edgar/data/1350653/000135065315000016/form8-kwarningletter72315.htm,item_anchored,3228,True,True,True,False,False,False,False,False,False,1,1,0,0,0,0,0,0,unspecified,False,device,sic_fallback
1385187,Covidien plc  (CIK 0001385187),3841.0,0001385187-12-000008,covex991.htm,2012-08-22,2012-08-22,7.01; 9.01,"""voluntary recall""",https://www.sec.gov/Archives/edgar/data/1385187/000138518712000008/covex991.htm,exhibit_top,2642,True,False,False,False,True,True,True,False,False,1,1,0,0,0,0,0,0,unspecified,False,device,sic_fallback
1388658,"iRhythm Technologies, Inc.  (IRTC)  (CIK 0001388658)",3841.0,0001388658-23-000070,irtc-20230525.htm,2023-05-30,2023-05-25,8.01,"""warning letter""",https://www.sec.gov/Archives/edgar/data/1388658/000138865823000070/irtc-20230525.htm,item_anchored,6887,True,True,True,True,True,False,False,False,False,2,2,3,3,0,0,0,0,device,True,device,text
1397702,Silk Road Medical Inc  (SILK)  (CIK 0001397702),3841.0,0001397702-21-000008,silk-20210125.htm,2021-01-25,2021-01-25,7.01,"""voluntary recall""",https://www.sec.gov/Archives/edgar/data/1397702/000139770221000008/silk-20210125.htm,item_anchored,5614,True,False,False,False,False,True,True,False,False,1,1,5,2,0,0,0,0,device,True,device,text
1196298,NEPHROS INC  (NEPH)  (CIK 0001196298),3841.0,0001493152-16-008788,ex99-1.htm,2016-04-11,2016-04-07,8.01; 9.01,"""warning letter""",https://www.sec.gov/Archives/edgar/data/1196298/000149315216008788/ex99-1.htm,exhibit_top,1421,True,True,True,False,False,False,False,False,False,1,1,0,0,0,0,0,0,unspecified,False,device,sic_fallback
1196298,NEPHROS INC  (NEPH)  (CIK 0001196298),3841.0,0001493152-16-008788,form8-k.htm,2016-04-11,2016-04-07,8.01; 9.01,"""warning letter""",https://www.sec.gov/Archives/edgar/data/1196298/000149315216008788/form8-k.htm,item_anchored,3724,True,True,True,False,True,False,False,False,False,1,1,0,0,0,0,0,0,unspecified,False,device,sic_fallback
1433607,"InspireMD, Inc.  (NSPR)  (CIK 0001433607)",3841.0,0001493152-26-020891,ex99-1.htm,2026-05-01,2026-05-01,7.01; 8.01; 9.01,"""voluntary recall""",https://www.sec.gov/Archives/edgar/data/1433607/000149315226020891/ex99-1.htm,exhibit_top,10873,True,False,False,False,False,True,True,False,False,1,1,16,3,0,0,0,0,device,True,device,text
1433607,"InspireMD, Inc.  (NSPR)  (CIK 0001433607)",3841.0,0001493152-26-020891,form8-k.htm,2026-05-01,2026-05-01,7.01; 8.01; 9.01,"""voluntary recall""",https://www.sec.gov/Archives/edgar/data/1433607/000149315226020891/form8-k.htm,item_anchored,4555,True,False,False,False,False,True,True,False,False,1,1,4,3,0,0,0,0,device,True,device,text
1821323,"Sigilon Therapeutics, Inc.  (CIK 0001821323)",2834.0,0001558370-21-016343,sgtx-20211129xex99d1.htm,2021-11-29,2021-11-29,8.01; 9.01,"""adverse event report""",https://www.sec.gov/Archives/edgar/data/1821323/000155837021016343/sgtx-20211129xex99d1.htm,exhibit_top,5020,True,False,False,True,True,False,False,False,False,1,1,1,1,0,0,0,0,device,True,pharma_bio,text
1237831,GLOBUS MEDICAL INC  (GMED)  (CIK 0001237831),3841.0,0001562762-24-000209,gmed-20240716x8k.htm,2024-08-13,2024-07-16,8.01,"""medical device report""; ""warning letter""",https://www.sec.gov/Archives/edgar/data/1237831/000156276224000209/gmed-20240716x8k.htm,item_anchored,6342,True,True,True,False,True,False,False,False,False,1,1,1,0,0,0,0,0,device,True,device,text
1006045,IRIDEX CORP  (IRIX)  (CIK 0001006045),3845.0,0001564590-18-003033,irix-ex991_7.htm,2018-02-23,2018-02-23,2.02; 7.01; 9.01,"""voluntary recall""",https://www.sec.gov/Archives/edgar/data/1006045/000156459018003033/irix-ex991_7.htm,exhibit_top,4565,True,False,False,False,True,True,True,False,False,1,1,0,0,0,0,0,0,unspecified,False,device,sic_fallback
1613103,Medtronic plc  (MDT)  (CIK 0001613103),3845.0,0001613103-21-000002,pressreleaseofmedtronicplc.htm,2021-02-17,2021-02-17,7.01,"""voluntary recall""",https://www.sec.gov/Archives/edgar/data/1613103/000161310321000002/pressreleaseofmedtronicplc.htm,exhibit_top,4438,True,False,False,False,True,True,True,False,False,1,1,9,3,0,0,0,0,device,True,device,text
1613103,Medtronic plc  (MDT)  (CIK 0001613103),3845.0,0001613103-21-000067,exhibit991-pressrelease121.htm,2021-12-15,2021-12-15,7.01; 9.01,"""warning letter""",https://www.sec.gov/Archives/edgar/data/1613103/000161310321000067/exhibit991-pressrelease121.htm,exhibit_top,2167,True,True,True,False,False,False,False,False,False,1,1,2,2,0,0,0,0,device,True,device,text
1613103,Medtronic plc  (MDT)  (CIK 0001613103),3845.0,0001613103-21-000067,mdt-20211215.htm,2021-12-15,2021-12-15,7.01; 9.01,"""warning letter""",https://www.sec.gov/Archives/edgar/data/1613103/000161310321000067/mdt-20211215.htm,item_anchored,7987,True,True,True,False,False,False,False,False,False,1,1,0,0,0,0,0,0,unspecified,False,device,sic_fallback
1639691,LivaNova PLC  (LIVN)  (CIK 0001639691),3845.0,0001639691-16-000020,ex99_2.htm,2016-01-05,2016-01-05,8.01; 9.01,"""field safety notice""; ""warning letter""",https://www.sec.gov/Archives/edgar/data/1639691/000163969116000020/ex99_2.htm,exhibit_top,2533,True,True,True,False,False,True,True,False,False,2,2,1,1,0,0,0,0,device,True,device,text
1639691,LivaNova PLC  (LIVN)  (CIK 0001639691),3845.0,0001639691-16-000020,form8-k.htm,2016-01-05,2016-01-05,8.01; 9.01,"""warning letter""",https://www.sec.gov/Archives/edgar/data/1639691/000163969116000020/form8-k.htm,item_anchored,5378,True,True,True,False,False,False,False,False,False,1,1,4,1,0,0,0,0,device,True,device,text
1639691,LivaNova PLC  (LIVN)  (CIK 0001639691),3845.0,0001639691-22-000112,livn-20221212.htm,2022-12-13,2022-12-12,8.01; 9.01,"""warning letter""",https://www.sec.gov/Archives/edgar/data/1639691/000163969122000112/livn-20221212.htm,item_anchored,3397,True,True,True,False,False,False,False,False,False,1,1,1,1,0,0,0,0,device,True,device,text
1639691,LivaNova PLC  (LIVN)  (CIK 0001639691),3845.0,0001639691-23-000010,a4q22earningspressrelease.htm,2023-02-22,2023-02-15,2.02; 5.02; 9.01,"""warning letter""",https://www.sec.gov/Archives/edgar/data/1639691/000163969123000010/a4q22earningspressrelease.htm,exhibit_top,43821,True,True,True,False,False,False,False,False,False,1,1,4,0,0,0,0,0,device,True,device,text
