company_name_fda,normalized_name,candidate_compustat_name,candidate_gvkey,similarity,n_letters,product_types,accept
Green Planet Inc,GREEN PLANET,PLANET GREEN,160196,100.0,1,Drugs,
Philips North America LLC,PHILIPS NORTH AMERICA,NORTH AMERICAN PHILIPS,007946,97.7,1,Devices,
"Philips North America, LLC",PHILIPS NORTH AMERICA,NORTH AMERICAN PHILIPS,007946,97.7,1,Devices,
Estar Technologies Ltd.,ESTAR TECHNOLOGIES,STAR TECHNOLOGIES,010026,97.1,1,Biologics,
Atrium Innovation Limited,ATRIUM INNOVATION,ATRIUM INNOVATIONS,272705,97.1,1,Devices,
"EPH Technologies, Inc.",EPH TECHNOLOGIES,EP TECHNOLOGIES,028692,96.8,1,Drugs,
"DISCOVER HEALTH, LLC",DISCOVER HEALTH,HEALTH DISCOVERY,145723,96.8,1,Drugs,
Quanta System SpA,QUANTA SYSTEM,QUANTA SYSTEMS,008860,96.3,1,Devices,
"Pharmaceutical Innovations, Inc.",PHARMACEUTICAL INNOVATIONS,INNOVATION PHARMACEUTICALS,176692,96.2,1,Devices,
Peace Medical Inc.,PEACE MEDICAL,PACE MEDICAL,013593,96.0,1,Devices,
Flir System AB,FLIR SYSTEM,FLIR SYSTEMS,028477,95.7,1,Devices,
Cadila Pharmaceuticals Limited,CADILA PHARMACEUTICALS,ACADIA PHARMACEUTICALS,141846,95.5,1,Drugs,
Alora Pharmaceuticals,ALORA PHARMACEUTICALS,ALGORAE PHARMACEUTICALS,271277,95.5,1,Drugs,
"Deltex Pharmaceuticals, Inc",DELTEX PHARMACEUTICALS,GELTEX PHARMACEUTICALS,061508,95.5,1,Drugs,
Vista Pharmaceuticals Limited,VISTA PHARMACEUTICALS,VITAE PHARMACEUTICALS,021422,95.2,2,Drugs,
Fresh Farms LLC,FRESH FARMS,FARM FRESH,004577,95.2,1,Drugs,
Tiber Pharmaceuticals LLC,TIBER PHARMACEUTICALS,TIBET PHARMACEUTICALS,184886,95.2,1,Drugs,
"Denterprise International, Inc.",DENTERPRISE,ENTERPRISE,161789,95.2,1,Devices,
"DAVA Pharmaceuticals, Inc.",DAVA PHARMACEUTICALS,DOVA PHARMACEUTICALS,031657,95.0,1,Drugs,
CP Pharmaceuticals Limited,CP PHARMACEUTICALS,CPEX PHARMACEUTICALS,180231,94.7,2,Drugs,
"H & P Industries, Inc.",H AND P INDUSTRIES,P AND F INDUSTRIES,008229,94.4,1,Drugs,
Miers Laboratories Ltd.,MIERS LABORATORIES,MILES LABORATORIES,007392,94.4,1,Drugs,
Zydus Lifesciences Limited,ZYDUS LIFESCIENCES,ZYUS LIFE SCIENCES,015016,94.4,5,Drugs,
"FOCUS Laboratories, Inc.",FOCUS LABORATORIES,FCS LABORATORIES,004529,94.1,2,Drugs; Food/Cosmetics,
"Unisource, Inc.",UNISOURCE,NISOURCE,007974,94.1,1,Drugs,
"ABBE Laboratories, Inc.",ABBE LABORATORIES,ABLE LABORATORIES,023000,94.1,1,Drugs,
Genetech Inc,GENETECH,GENENTECH,005020,94.1,1,Biologics,
Aztex Enterprises Ltd.,AZTEX ENTERPRISES,ATE ENTERPRISES,001066,93.8,1,Drugs,
"Avlon Industries, Inc",AVLON INDUSTRIES,ALDON INDUSTRIES,001251,93.8,1,Drugs,
Racer Technology Pte Ltd,RACER TECHNOLOGY,PACER TECHNOLOGY,008257,93.8,1,Devices,
"Vertical Pharmaceuticals, LLC",VERTICAL PHARMACEUTICALS,VERRICA PHARMACEUTICALS,033597,93.6,2,Drugs,
"Aspire Pharmaceuticals, Inc.",ASPIRE PHARMACEUTICALS,INSPIRE PHARMACEUTICALS,138466,93.3,2,Drugs; Food/Cosmetics,
ENERGIST LIMITED,ENERGIST,ENERGIS,214862,93.3,1,Devices,
"AcelRx Pharmaceuticals, Inc.",ACELRX PHARMACEUTICALS,CELTRIX PHARMACEUTICALS,023622,93.3,1,Drugs,
"CMP Industries, Llc",CMP INDUSTRIES,COMPO INDUSTRIES,003283,93.3,1,Devices,
Centrix Pharmaceutical Inc,CENTRIX PHARMACEUTICAL,CELTRIX PHARMACEUTICALS,023622,93.3,1,Drugs,
"Allay Pharmaceuticals, LLC",ALLAY PHARMACEUTICALS,ALLENA PHARMACEUTICALS,032529,93.0,1,Drugs,
"Poly Pharmaceuticals, Inc",POLY PHARMACEUTICALS,POLYDEX PHARMACEUTICALS,008666,93.0,1,Drugs,
"Syntho Pharmaceuticals, Inc.",SYNTHO PHARMACEUTICALS,SYNTA PHARMACEUTICALS,162770,93.0,1,Drugs,
Master Pharmaceuticals Group,MASTER PHARMACEUTICALS,ASTEX PHARMACEUTICALS,062382,93.0,1,Drugs,
"APK Technology Co., Ltd.",APK TECHNOLOGY,OAK TECHNOLOGY,031530,92.9,1,Devices,
Vivera Pharmaceuticals Inc.,VIVERA PHARMACEUTICALS,VIA PHARMACEUTICALS,177606,92.7,1,Devices,
"Atlas Pharmaceuticals, LLC",ATLAS PHARMACEUTICALS,ATEA PHARMACEUTICALS,037292,92.7,1,Drugs,
"Vivera Pharmaceuticals, Inc.",VIVERA PHARMACEUTICALS,VIA PHARMACEUTICALS,177606,92.7,1,Devices,
"Hikma Pharmaceuticals USA, Inc.",HIKMA PHARMACEUTICALS,NIKA PHARMACEUTICALS,154510,92.7,1,Drugs,
"Galt Pharmaceuticals, LLC",GALT PHARMACEUTICALS,ALTUS PHARMACEUTICALS,165857,92.7,1,Drugs,
"Kirk Pharmaceuticals, LLC",KIRK PHARMACEUTICALS,IROKO PHARMACEUTICALS,018226,92.7,1,Drugs,
Hikma Pharmaceuticals USA INC.,HIKMA PHARMACEUTICALS,NIKA PHARMACEUTICALS,154510,92.7,2,Drugs,
PhotonX Holdings Inc.,PHOTONX,PHOTON,008563,92.3,1,Devices,
Ionogen,IONOGEN,INOGEN,019274,92.3,1,Drugs,
Sylvane Inc.,SYLVANE,SYLVAN,023080,92.3,1,Devices,
"Exeltis USA, Inc.",EXELTIS,EXELIS,189490,92.3,1,Drugs,
IOTECH INTERNATIONAL,IOTECH,BIOTECH,105600,92.3,1,Drugs,
"Creative Bioscience, LLC",CREATIVE BIOSCIENCE,CURATIVE BIOSCIENCES,185885,92.3,1,Drugs,
Dougherty's Pharmacy,DOUGHERTY S PHARMACY,DOUGHERTYS PHARMACY,126314,92.3,1,Drugs,
CellEra LLC,CELLERA,CELERA,127234,92.3,1,Devices,
Brands International Corporation,BRANDS,IBRANDS,107726,92.3,1,Drugs,
"ECI Pharmaceuticals, LLC",ECI PHARMACEUTICALS,CASI PHARMACEUTICALS,063030,92.3,1,Drugs,
Argo Medical Technologies Inc.,ARGO MEDICAL TECHNOLOGIES,MEDICAL CARE TECHNOLOGIES,180637,92.0,1,Devices,
"Trilogy Laboratories, LLC",TRILOGY LABORATORIES,TRIO LABORATORIES,010739,91.9,1,Drugs,
"SCA Pharmaceuticals, Inc.",SCA PHARMACEUTICALS,RA PHARMACEUTICALS,028470,91.9,1,Drugs,
Rpk Pharmaceuticals Inc,RPK PHARMACEUTICALS,RA PHARMACEUTICALS,028470,91.9,1,Drugs,
Vega Technologies Inc.,VEGA TECHNOLOGIES,VEGA BIOTECHNOLOGIES,011126,91.9,2,Devices,
"Paradigm RE, LLC",PARADIGM RE,PARADIGM REDH,176354,91.7,1,Drugs,
Innoveix Pharmaceuticals Inc,INNOVEIX PHARMACEUTICALS,INNOVIVE PHARMACEUTICALS,175386,91.7,1,Drugs,
"Raritan Pharmaceuticals, Inc.",RARITAN PHARMACEUTICALS,SAMARITAN PHARMACEUTICALS,065832,91.7,1,Drugs,
Global Medical Production Co Ltd,GLOBAL MEDICAL PRODUCTION,GLOBAL MEDICAL PRODUCTS,114653,91.7,2,Devices,
Provident Pharmaceuticals Llc,PROVIDENT PHARMACEUTICALS,PROTIDE PHARMACEUTICALS,025003,91.7,1,Drugs,
"Salon Technologies International, Inc",SALON TECHNOLOGIES,ARLO TECHNOLOGIES,033766,91.4,1,Drugs,
IVIM Technologies,IVIM TECHNOLOGIES,IVIVI TECHNOLOGIES,163048,91.4,1,Drugs,
Ipca Laboratories Limited,IPCA LABORATORIES,IMPAX LABORATORIES,061745,91.4,1,Drugs,
"KM PHARMACEUTICAL CO., LTD.",KM PHARMACEUTICAL,K V PHARMACEUTICAL,006315,91.4,1,Drugs,
Tower Laboratories Ltd.,TOWER LABORATORIES,TORR LABORATORIES,010620,91.4,1,Drugs,
"IDEV Technologies, Inc.",IDEV TECHNOLOGIES,EXIDE TECHNOLOGIES,013634,91.4,1,Devices,
"ARG Laboratories, Inc.",ARG LABORATORIES,AURIGA LABORATORIES,183523,91.4,1,Drugs,
Omega Laboratories Inc,OMEGA LABORATORIES,MESA LABORATORIES,007275,91.4,1,Devices,
"ABCO Laboratories, Inc.",ABCO LABORATORIES,ALCON LABORATORIES,001248,91.4,1,Drugs,
Gadal Laboratories Inc.,GADAL LABORATORIES,ADAC LABORATORIES,001115,91.4,1,Drugs,
"XZeal Technologies, Inc.",XZEAL TECHNOLOGIES,XETA TECHNOLOGIES,013443,91.4,1,Devices,
"Bella Pharmaceuticals, Inc.",BELLA PHARMACEUTICALS,LIPELLA PHARMACEUTICALS,041448,90.9,1,Drugs,
"Bell International Laboratories, Inc.",BELL LABORATORIES,DEL LABORATORIES,003840,90.9,1,Drugs,
Olympia Pharmaceuticals,OLYMPIA PHARMACEUTICALS,OLEMA PHARMACEUTICALS,037412,90.9,2,Drugs,
"Par Health USA, LLC",PAR HEALTH,PACER HEALTH,061974,90.9,1,Drugs,
Marel Corporation,MAREL,MARKEL,012909,90.9,1,Devices,
"Toxin Technology, Inc.",TOXIN TECHNOLOGY,YOUXIN TECHNOLOGY,043857,90.9,1,Drugs,
Akan Biosciences Inc,AKAN BIOSCIENCES,AKOYA BIOSCIENCES,038527,90.9,1,Biologics,
"Tenex Health, Inc.",TENEX HEALTH,HEALTH TEX,005550,90.9,2,Devices,
OEM Systems Co. Ltd.,OEM SYSTEMS,COM SYSTEMS,003212,90.9,1,Devices,
"Quadex Pharmaceuticals, Llc",QUADEX PHARMACEUTICALS,QUATRX PHARMACEUTICALS,166481,90.9,1,Drugs,
"Teco Diagnostics, Inc.",TECO DIAGNOSTICS,LEECO DIAGNOSTICS,006644,90.9,1,Devices,
Alan Neuromedical Technologies,ALAN NEUROMEDICAL TECHNOLOGIES,NEUROMEDICAL TECHNOLOGIES,015400,90.9,1,Devices,
"Stason Pharmaceuticals, Inc.",STASON PHARMACEUTICALS,TRACON PHARMACEUTICALS,022697,90.9,1,Drugs,
"Samson Pharmaceuticals, Inc",SAMSON PHARMACEUTICALS,SHAMAN PHARMACEUTICALS,027756,90.9,1,Drugs,
Portal Pharmaceutical,PORTAL PHARMACEUTICAL,PORTOLA PHARMACEUTICALS,017931,90.9,1,Drugs,
Sal Pharma,SAL PHARMA,SMALL PHARMA,034444,90.9,2,Drugs,
"Neitz Instruments Co., Ltd.",NEITZ INSTRUMENTS,UNIT INSTRUMENTS,001877,90.9,1,Devices,
Neilmed Pharmaceuticals Inc,NEILMED PHARMACEUTICALS,INMED PHARMACEUTICALS,064717,90.9,1,Drugs,
Dexta Corporation,DEXTA,DEXTRA,003912,90.9,1,Devices,
Dexcel Ltd.,DEXCEL,EXCEL,017100,90.9,1,Drugs,
"Zyber Pharmaceuticals, Inc",ZYBER PHARMACEUTICALS,ZYNERBA PHARMACEUTICALS,025128,90.9,1,Drugs,
"Denison Pharmaceuticals, LLC",DENISON PHARMACEUTICALS,ENZON PHARMACEUTICALS,004409,90.9,1,Drugs,
AG Industries LLC,INDUSTRIES,1 INDUSTRIES,010676,90.9,1,Devices,
Vilvet Pharmaceuticals Inc.,VILVET PHARMACEUTICALS,VIAMET PHARMACEUTICALS,021024,90.9,1,Drugs,
"Higley Industries, Inc.",HIGLEY INDUSTRIES,HALEY INDUSTRIES,013954,90.9,1,Drugs,
"ASI Medical, Inc.",ASI MEDICAL,ATI MEDICAL,012227,90.9,2,Devices,
"Huron Pharmaceuticals, Inc.",HURON PHARMACEUTICALS,AGOURON PHARMACEUTICALS,013308,90.9,1,Drugs,
Cenova AB,CENOVA,CNOVA,021451,90.9,1,Devices,
VITANG TECHNOLOGY LLC,VITANG TECHNOLOGY,VIANT TECHNOLOGY,037824,90.9,1,Devices,
"Acella Pharmaceuticals, LLC",ACELLA PHARMACEUTICALS,ALLENA PHARMACEUTICALS,032529,90.9,1,Drugs,
JCB Laboratories LLC,JCB LABORATORIES,COBE LABORATORIES,003135,90.9,1,Drugs,
Cardionics SA,CARDIONICS,CARDIOGENICS,183346,90.9,1,Devices,
Leltek Inc.,LELTEK,ELTEK,064278,90.9,1,Devices,
Lux Therapeutics LLC,LUX THERAPEUTICS,LYNX THERAPEUTICS,062846,90.9,1,Biologics,
Lydia Co Ltd.,LYDIA,LYDIAN,179229,90.9,1,Drugs,
CENTURA PHARMACEUTICALS INC,CENTURA PHARMACEUTICALS,ACURA PHARMACEUTICALS,011929,90.9,1,Drugs,
Medical Mega,MEDICAL MEGA,MEGA MEDIA,142298,90.9,1,Drugs,
Merete GmbH,MERETE,MERET,002614,90.9,1,Devices,
Slate Pharmaceuticals,SLATE PHARMACEUTICALS,SANTEN PHARMACEUTICAL,208799,90.5,1,Drugs,
"Edwards Pharmaceuticals, Inc",EDWARDS PHARMACEUTICALS,ARS PHARMACEUTICALS,037495,90.5,1,Drugs,
"AACE Pharmaceuticals, Inc.",AACE PHARMACEUTICALS,ACUMEN PHARMACEUTICALS,038986,90.5,1,Drugs,
Integra NeuroSciences Ltd.,INTEGRA NEUROSCIENCES,MINERVA NEUROSCIENCES,020225,90.5,1,Devices,
Allegis Pharmaceutical LLC,ALLEGIS PHARMACEUTICAL,ALGOS PHARMACEUTICAL,153351,90.5,1,Drugs,
"Dental Technologies, Inc.",DENTAL TECHNOLOGIES,BIO DENTAL TECHNOLOGIES,023886,90.5,2,Drugs,
"Green Pharmaceuticals, Inc.",GREEN PHARMACEUTICALS,GENIX PHARMACEUTICALS,105331,90.5,1,Drugs,
Anicare Pharmaceuticals Pvt Ltd.,ANICARE PHARMACEUTICALS,ANI PHARMACEUTICALS,018204,90.5,1,Drugs,
"Pine Pharmaceuticals, LLC",PINE PHARMACEUTICALS,SPHINX PHARMACEUTICALS,024892,90.5,1,Drugs,
Attix Pharmaceuticals Inc.,ATTIX PHARMACEUTICALS,MATRIX PHARMACEUTICAL,024877,90.5,1,Drugs,
Creation Technologies Ltd,CREATION TECHNOLOGIES,CREATIVE TECHNOLOGIES,012847,90.5,1,Devices,
NuCare Pharmaceuticals Inc,NUCARE PHARMACEUTICALS,NURX PHARMACEUTICALS,175554,90.5,1,Drugs,
Coral Pharmaceuticals LTD,CORAL PHARMACEUTICALS,CIRCA PHARMACEUTICALS,002293,90.5,1,Drugs,
Integra Neurosciences,INTEGRA NEUROSCIENCES,MINERVA NEUROSCIENCES,020225,90.5,1,Devices,
Royal Chemical Company,ROYAL CHEMICAL,UNIROYAL CHEMICAL,023606,90.3,1,Drugs,
GAR Laboratories Inc.,GAR LABORATORIES,IG LABORATORIES,022261,90.3,1,Drugs,
ZEN ENTERPRISES LLC,ZEN ENTERPRISES,RENX ENTERPRISES,024310,90.3,1,Drugs,
GCP Laboratories,GCP LABORATORIES,IG LABORATORIES,022261,90.3,1,Drugs,
Tyche Industries Ltd.,TYCHE INDUSTRIES,TYCO INDUSTRIES,015304,90.3,1,Drugs,
"Bayer Healthcare, LLC",BAYER HEALTHCARE,HEALTHCARE AMER,013511,90.3,2,Drugs,
RESET TECHNOLOGY CORPORATION,RESET TECHNOLOGY,RISE TECHNOLOGY,013237,90.3,1,Devices,
"Alcor Scientific, Inc.",ALCOR SCIENTIFIC,CORE SCIENTIFIC,037871,90.3,1,Devices,
RMLC Industries LLC,RMLC INDUSTRIES,REMCO INDUSTRIES,009041,90.3,1,Drugs,
Pentax of America Inc,PENTAX OF AMERICA,TAX OF AMERICA,010348,90.3,2,Devices,
"Sato Pharmaceutical Co., Ltd.",SATO PHARMACEUTICAL,RAPTOR PHARMACEUTICAL,161088,90.0,2,Drugs,
Cotronic Technology Limited,COTRONIC TECHNOLOGY,ELECTRONIC TECHNOLOGY,021167,90.0,1,Devices,
"Health-Mor, Inc",HEALTH MOR,OSR HEALTH,041238,90.0,1,Devices,
"Amryt Pharmaceuticals, Inc.",AMRYT PHARMACEUTICALS,ARS PHARMACEUTICALS,037495,90.0,1,Drugs,
"TZ Medical, Inc.",TZ MEDICAL,T2 MEDICAL,014499,90.0,1,Devices,
"WraSer Pharmaceuticals, LLC",WRASER PHARMACEUTICALS,RA PHARMACEUTICALS,028470,90.0,1,Drugs,
