company_name_fda,normalized_name,match_status,gvkey,company_name_compustat,n_gvkey_candidates,review_suggested,n_letters,first_letter_date,last_letter_date,any_device_letter,any_drug_letter,any_biologic_letter,any_medtech_pharma,product_types,match_source,valid_from_year,valid_to_year,match_note
21st Century LaserMed Pain Institute,21ST CENTURY LASERMED PAIN INSTITUTE,matched,010771,21ST CENTURY GROUP INC,1,True,1,2020-07-21,2020-07-21,False,False,True,True,Biologics,parent_prefix,1900,2099,parent prefix: 21ST CENTURY
21st Century Scientific Inc,21ST CENTURY SCIENTIFIC,matched,010771,21ST CENTURY GROUP INC,1,True,1,2019-05-13,2019-05-13,True,False,False,True,Devices,parent_prefix,1900,2099,parent prefix: 21ST CENTURY
"23andMe, Inc.",23ANDME,matched,038717,CHROME HOLDING CO,1,False,1,2013-11-22,2013-11-22,True,False,False,True,Devices,ct_fuzzy,1900,2099,"CT crosswalk (fuzzy_extended, score 100)"
3M Company,3M,matched,007435,3M CO,1,False,1,2010-06-07,2010-06-07,True,False,False,True,Devices,exact_normalized,1900,2099,
AB Science,SCIENCE,matched,001554,AMERICAN SCIENCE ENGINEERING,1,False,2,2014-04-02,2015-06-16,False,True,False,True,Drugs; Veterinary,ct_dropped_device,1900,2099,CT device-sponsor list (conm: AMERICAN SCIENCE ENGINEERING)
"ACell, Inc",ACELL,matched,036689,ACELL INC -REDH,1,False,1,2013-04-26,2013-04-26,True,False,False,True,Devices,exact_normalized,1900,2099,
"ADMA Biologics, Inc",ADMA BIOLOGICS,matched,017653,ADMA BIOLOGICS INC,1,False,1,2014-11-25,2014-11-25,False,False,True,True,Biologics,exact_normalized,1900,2099,
"AMAG Pharmaceuticals, Inc.",AMAG PHARMACEUTICALS,matched,012250,AMAG PHARMACEUTICALS INC,1,False,1,2010-10-18,2010-10-18,False,True,False,True,Drugs,exact_normalized,1900,2099,
AS Global INC,GLOBAL,matched,180503,GLOBAL HOLDINGS INC,1,True,1,2023-01-10,2023-01-10,False,True,False,True,Drugs,exact_normalized,1900,2099,
Abaxis Inc,ABAXIS,matched,024888,ABAXIS INC,1,False,1,2019-04-12,2019-04-12,True,False,False,True,Devices,exact_normalized,1900,2099,
Abbott Laboratories,ABBOTT LABORATORIES,matched,001078,ABBOTT LABORATORIES,1,False,2,2009-07-14,2023-10-24,False,True,True,True,Biologics; Drugs,exact_normalized,1900,2099,
"Abiomed, Inc.",ABIOMED,matched,013619,ABIOMED INC,1,False,2,2011-06-10,2023-09-19,True,False,False,True,Devices,exact_normalized,1900,2099,
Accentia BioPharmaceuticals,ACCENTIA BIOPHARMACEUTICALS,matched,162956,ACCENTIA BIOPHARMACEUTICALS,1,False,1,2009-11-13,2009-11-13,False,True,False,True,Drugs,exact_normalized,1900,2099,
"Acclarent, Inc.",ACCLARENT,matched,180230,ACCLARENT INC -REDH,1,False,2,2012-06-14,2013-03-20,True,False,False,True,Devices,exact_normalized,1900,2099,
Acme United Corporation,ACME UNITED,matched,001104,ACME UNITED CORP,1,False,1,2025-10-10,2025-10-10,False,True,False,True,Drugs,exact_normalized,1900,2099,
"Acorda Therapeutics, Inc.",ACORDA THERAPEUTICS,matched,156617,ACORDA THERAPEUTICS INC,1,False,2,2012-05-10,2013-07-25,False,True,False,True,Drugs,exact_normalized,1900,2099,
Adamis Pharmaceuticals,ADAMIS PHARMACEUTICALS,resolved_unlisted_parent,,,1,False,1,2010-06-09,2010-06-09,False,True,False,True,Drugs,ct_override_windowed,1900,2099,Audit-suspect fuzzy: original mapping to gvkey 20042 (ADAMAS PHARMACEUTICALS INC) flagged unreliable; no manual rescue available -- left UNMAPPED
Advanced Magnetic Research Institute International LLC,ADVANCED MAGNETIC RESEARCH INSTITUTE,resolved_unlisted_parent,,,1,False,1,2014-01-16,2014-01-16,True,False,False,True,Devices,ct_override_windowed,1900,2099,Audit-suspect fuzzy: original mapping to gvkey 9071 (RESEARCH INC) flagged unreliable; no manual rescue available -- left UNMAPPED
"Advanced Surgical Design & Manufacture, Ltd.",ADVANCED SURGICAL DESIGN AND MANUFACTURE,matched,028687,ADVANCED SURGICAL INC,1,True,2,2010-12-01,2012-02-01,True,False,False,True,Devices,parent_prefix,1900,2099,parent prefix: ADVANCED SURGICAL
Agilent Technologies Denmark ApS,AGILENT TECHNOLOGIES DENMARK APS,matched,126554,AGILENT TECHNOLOGIES INC,1,True,1,2013-08-29,2013-08-29,True,False,False,True,Devices,parent_prefix,1900,2099,parent prefix: AGILENT TECHNOLOGIES
"Airgas USA, LLC",AIRGAS,matched,012950,AIRGAS INC,1,False,1,2010-12-01,2010-12-01,False,True,False,True,Drugs,exact_normalized,1900,2099,
"Akers Biosciences, Inc.",AKERS BIOSCIENCES,matched,275264,AKERS BIOSCIENCES INC,1,False,1,2011-10-04,2011-10-04,False,False,True,True,Biologics,exact_normalized,1900,2099,
Akorn Operating Company LLC,AKORN OPERATING,matched,014304,AKORN OPERATING COMPANY LLC,1,False,1,2019-06-13,2019-06-13,False,True,False,True,Drugs,exact_normalized,1900,2099,
"Akorn, Inc.",AKORN,matched,014304,AKORN OPERATING COMPANY LLC,1,False,2,2012-10-02,2012-10-02,False,True,False,True,Drugs,ct_fuzzy,1900,2099,"CT crosswalk (fuzzy_extended, score 100)"
"Alcon LenSx, Inc.",ALCON LENSX,matched,035056,ALCON INC,1,False,1,2012-12-03,2012-12-03,True,False,False,True,Devices,ct_dropped_device,1900,2099,CT device-sponsor list (conm: ALCON INC)
"Alere San Diego, Inc.",ALERE SAN DIEGO,matched,146156,ALERE INC,1,False,1,2012-10-10,2012-10-10,True,False,False,True,Devices,ct_fuzzy,1900,2099,"CT crosswalk (fuzzy_extended, score 100)"
"Alexion Pharmaceuticals, Inc.",ALEXION PHARMACEUTICALS,matched,062263,ALEXION PHARMACEUTICALS INC,1,False,1,2013-03-22,2013-03-22,False,True,False,True,Drugs,ct_override_windowed,1900,2099,"Alexion (ALXN, CIK 899866); acquired by AstraZeneca 2021 -- pre-acquisition gvkey"
Align Technology Inc,ALIGN TECHNOLOGY,matched,141384,ALIGN TECHNOLOGY INC,1,False,1,2010-11-17,2010-11-17,True,False,False,True,Devices,exact_normalized,1900,2099,
"Alkermes, Inc.",ALKERMES,matched,024302,ALKERMES PLC,1,True,1,2019-12-02,2019-12-02,False,True,False,True,Drugs,exact_normalized,1900,2099,
All American Wellness LLC,ALL AMERICAN WELLNESS,matched,003126,ALL AMERICAN GROUP INC,1,True,1,2025-09-09,2025-09-09,False,True,False,True,Drugs,parent_prefix,1900,2099,parent prefix: ALL AMERICAN
"Alma Lasers, Inc.",ALMA LASERS,matched,179436,ALMA LASERS LTD-REDH,1,True,1,2013-06-07,2013-06-07,True,False,False,True,Devices,exact_normalized,1900,2099,
"Alphatec Spine, Inc.",ALPHATEC SPINE,matched,166555,ALPHATEC HOLDINGS INC,1,False,3,2010-06-21,2015-07-16,True,False,False,True,Devices,ct_dropped_device,1900,2099,CT device-sponsor list (conm: ALPHATEC HOLDINGS INC)
Amazon.com,AMAZON COM,matched,064768,AMAZON.COM INC,1,False,3,2022-10-28,2023-11-13,False,True,False,True,Drugs,exact_normalized,1900,2099,
"Amazon.com, Inc.",AMAZON COM,matched,064768,AMAZON.COM INC,1,False,9,2022-08-04,2026-06-17,False,True,False,True,Drugs,exact_normalized,1900,2099,
"Amazon.com, LLC",AMAZON COM,matched,064768,AMAZON.COM INC,1,False,1,2025-03-03,2025-03-03,False,True,False,True,Drugs,exact_normalized,1900,2099,
American CryoStem Corporation,AMERICAN CRYOSTEM,matched,187449,AMERICAN CRYOSTEM CORP,1,False,1,2018-01-03,2018-01-03,False,False,True,True,Biologics,exact_normalized,1900,2099,
"Amgen, Inc.",AMGEN,matched,001602,AMGEN INC,1,False,1,2014-01-27,2014-01-27,False,True,False,True,Drugs,exact_normalized,1900,2099,
Amneal Pharmaceuticals Private Limited,AMNEAL PHARMACEUTICALS PRIVATE,matched,018888,AMNEAL PHARMACEUTICALS INC,1,True,1,2025-08-27,2025-08-27,False,True,False,True,Drugs,parent_prefix,1900,2099,parent prefix: AMNEAL PHARMACEUTICALS
"AngioDynamics, Inc.",ANGIODYNAMICS,matched,264387,ANGIODYNAMICS INC,1,False,1,2014-11-04,2014-11-04,True,False,False,True,Devices,exact_normalized,1900,2099,
Angiodynamics Inc,ANGIODYNAMICS,matched,264387,ANGIODYNAMICS INC,1,False,1,2014-11-04,2014-11-04,True,False,False,True,Devices,exact_normalized,1900,2099,
"Angiodynamics, Inc.",ANGIODYNAMICS,matched,264387,ANGIODYNAMICS INC,1,False,2,2011-01-21,2011-05-27,True,False,False,True,Devices,exact_normalized,1900,2099,
Animas Corporation,ANIMAS,matched,260892,ANIMAS CORP,1,False,1,2011-12-27,2011-12-27,True,False,False,True,Devices,exact_normalized,1900,2099,
Applied Medical Resources Corp,APPLIED MEDICAL RESOURCES,matched,170683,APPLIED MEDICAL CORP  -REDH,1,True,1,2015-04-10,2015-04-10,True,False,False,True,Devices,parent_prefix,1900,2099,parent prefix: APPLIED MEDICAL
Applied Medical Technology Inc,APPLIED MEDICAL TECHNOLOGY,matched,170683,APPLIED MEDICAL CORP  -REDH,1,True,1,2011-06-08,2011-06-08,True,False,False,True,Devices,parent_prefix,1900,2099,parent prefix: APPLIED MEDICAL
"Applied Therapeutics, Inc.",APPLIED THERAPEUTICS,matched,035091,APPLIED THERAPEUTICS INC,1,False,1,2024-11-27,2024-11-27,False,True,False,True,Drugs,exact_normalized,1900,2099,
Arrayit Corporation,ARRAYIT,matched,143339,ARRAYIT CORP,1,False,1,2020-08-18,2020-08-18,True,False,False,True,Devices,exact_normalized,1900,2099,
"Artivion, Inc",ARTIVION,matched,027823,ARTIVION INC,1,False,1,2013-01-29,2013-01-29,True,False,False,True,Devices,exact_normalized,1900,2099,
Asahi Kasei Medical MT Corp. Oita Works,ASAHI KASEI MEDICAL MT OITA WORKS,matched,100258,ASAHI KASEI CORP,1,True,1,2013-06-11,2013-06-11,True,False,False,True,Devices,parent_prefix,1900,2099,parent prefix: ASAHI KASEI
"Atrium, Inc.",ATRIUM,matched,137170,ATRIUM CO INC,1,False,1,2012-11-02,2012-11-02,False,False,False,False,Food/Cosmetics,exact_normalized,1900,2099,
"Avanos Medical, Inc.",AVANOS MEDICAL,matched,021352,AVANOS MEDICAL INC,1,False,2,2008-12-22,2013-04-10,True,False,False,True,Devices,exact_normalized,1900,2099,
BABYLON INC,BABYLON,matched,039938,BABYLON HOLDINGS LTD,1,True,1,2020-09-04,2020-09-04,False,False,False,False,Food/Cosmetics,exact_normalized,1900,2099,
BHP Holdings Inc,BHP,matched,013312,BHP GROUP LTD,1,True,1,2020-06-02,2020-06-02,False,False,False,False,Food/Cosmetics,exact_normalized,1900,2099,
Balchem Corporation,BALCHEM,matched,001979,BALCHEM CORP  -CL B,1,False,1,2009-12-22,2009-12-22,False,True,False,True,Drugs,exact_normalized,1900,2099,
Bausch & Lomb Incorporated,BAUSCH AND LOMB,matched,002085,BAUSCH & LOMB HLDGS  -REDH,1,False,4,2010-03-10,2012-10-02,False,True,False,True,Drugs,ct_override_windowed,1900,2007,Bausch & Lomb pre-J&J era
Bausch & Lomb Incorporated,BAUSCH AND LOMB,matched,040605,BAUSCH & LOMB CORP,1,False,4,2010-03-10,2012-10-02,False,True,False,True,Drugs,ct_override_windowed,2022,2099,Bausch & Lomb post-spinoff
"Bausch Health Americas, Inc.",BAUSCH HEALTH AMERICAS,matched,029955,BAUSCH HEALTH COMPANIES INC,1,False,2,2014-09-03,2016-11-03,True,False,False,True,Devices,ct_override_windowed,1900,2099,Bausch Health Companies; fixes fuzzy mismatch
Baxalta US Inc.,BAXALTA,matched,022734,BAXALTA INC,1,False,2,2009-04-14,2010-08-03,False,False,True,True,Biologics,exact_normalized,1900,2099,
Bayer AG,BAYER,matched,100080,BAYER AG,1,False,2,2009-08-05,2017-11-14,False,True,False,True,Drugs,exact_normalized,1900,2099,
Bebida Beverage Company,BEBIDA BEVERAGE,matched,153669,BEBIDA BEVERAGE CO,1,False,1,2015-03-04,2015-03-04,False,False,False,False,Food/Cosmetics,exact_normalized,1900,2099,
Beckman Coulter Inc.,BECKMAN COULTER,matched,015106,BECKMAN COULTER INC,1,False,2,2010-06-21,2011-08-01,True,False,False,True,Devices,exact_normalized,1900,2099,
"Beckman Coulter, Inc.",BECKMAN COULTER,matched,015106,BECKMAN COULTER INC,1,False,2,2011-11-01,2024-03-15,True,False,False,True,Devices,exact_normalized,1900,2099,
Becton Dickinson & Company,BECTON DICKINSON AND,matched,002111,BECTON DICKINSON & CO,1,False,2,2009-05-11,2018-01-11,True,False,False,True,Devices,exact_normalized,1900,2099,
"Best Vascular, Inc",BEST VASCULAR,matched,029378,BEST INC,1,False,1,2009-03-11,2009-03-11,True,False,False,True,Devices,ct_dropped_device,1900,2099,CT device-sponsor list (conm: BEST INC)
"Beta Bionics, Inc.",BETA BIONICS,matched,045785,BETA BIONICS INC,1,False,1,2026-01-29,2026-01-29,True,False,False,True,Devices,exact_normalized,1900,2099,
Bio-Rad Laboratories GmbH,BIO RAD LABORATORIES,matched,002220,BIO-RAD LABORATORIES INC,1,True,1,2015-09-03,2015-09-03,True,False,False,True,Devices,exact_normalized,1900,2099,
BioReliance Corporation,BIORELIANCE,matched,065169,BIORELIANCE CORP,1,False,1,2009-01-05,2009-01-05,False,False,True,True,Biologics,exact_normalized,1900,2099,
"Biogenix USA, LLC",BIOGENIX,matched,002227,BIOGENIX INC,1,False,1,2014-12-11,2014-12-11,False,False,False,False,Food/Cosmetics,exact_normalized,1900,2099,
Biomerieux Inc,BIOMERIEUX,matched,270578,BIOMERIEUX SA,1,True,1,2014-10-10,2014-10-10,True,False,False,True,Devices,exact_normalized,1900,2099,
"Biomet, Inc.",BIOMET,matched,002230,BIOMET INC,1,False,2,2010-07-27,2018-08-24,True,False,False,True,Devices,exact_normalized,1900,2099,
Boehringer Ingelheim Pharma GmbH & Co. KG,BOEHRINGER INGELHEIM PHARMA AND KG,resolved_unlisted_parent,,,1,False,1,2013-05-06,2013-05-06,False,True,False,True,Drugs,ct_override_windowed,1900,2099,Privately held German firm
Boston Scientific Corporation,BOSTON SCIENTIFIC,matched,025279,BOSTON SCIENTIFIC CORP,1,False,1,2014-04-10,2014-04-10,True,False,False,True,Devices,exact_normalized,1900,2099,
Bristol-Myers Squibb Holdings Pharma Ltd. Liability Company,BRISTOL MYERS SQUIBB PHARMA LIABILITY,matched,002403,BRISTOL-MYERS SQUIBB CO,1,True,1,2010-09-30,2010-09-30,False,True,False,True,Drugs,parent_prefix,1900,2099,parent prefix: BRISTOL MYERS SQUIBB
Btl Industries Inc,BTL INDUSTRIES,matched,001955,BTK INDUSTRIES INC,1,False,1,2010-03-12,2010-03-12,True,False,False,True,Devices,ct_fuzzy,1900,2099,"CT crosswalk (fuzzy_extended, score 93)"
"Btl Industries, Inc",BTL INDUSTRIES,matched,001955,BTK INDUSTRIES INC,1,False,1,2010-03-12,2010-03-12,True,False,False,True,Devices,ct_fuzzy,1900,2099,"CT crosswalk (fuzzy_extended, score 93)"
Burzynski Research Institute,BURZYNSKI RESEARCH INSTITUTE,matched,022401,BURZYNSKI RESEARCH INSTITUTE,1,False,1,2013-12-03,2013-12-03,False,True,False,True,Drugs,exact_normalized,1900,2099,
"C. R. Bard, Inc.",C R BARD,matched,002044,BARD (C.R.) INC,1,False,1,2015-07-13,2015-07-13,True,False,False,True,Devices,ct_dropped_device,1900,2099,CT device-sponsor list (conm: BARD (C.R.) INC)
C.R. Bard Inc.,C R BARD,matched,002044,BARD (C.R.) INC,1,False,1,2015-07-13,2015-07-13,True,False,False,True,Devices,ct_dropped_device,1900,2099,CT device-sponsor list (conm: BARD (C.R.) INC)
"CAO Group, Inc.",CAO,matched,063951,NCO GROUP INC,1,False,1,2018-10-15,2018-10-15,True,False,False,True,Devices,ct_dropped_device,1900,2099,CT device-sponsor list (conm: NCO GROUP INC)
CHEWY INC,CHEWY,matched,035287,CHEWY INC,1,False,1,2023-11-30,2023-11-30,False,False,False,False,Veterinary,exact_normalized,1900,2099,
CUE HEALTH INC,CUE HEALTH,matched,039563,CUE HEALTH INC,1,False,1,2024-05-09,2024-05-09,True,False,False,True,Devices,exact_normalized,1900,2099,
CURRAX PHARMACEUTICALS LLC,CURRAX PHARMACEUTICALS,resolved_unlisted_parent,,,1,False,1,2020-09-22,2020-09-22,False,True,False,True,Drugs,ct_override_windowed,1900,2099,Audit-suspect fuzzy: original mapping to gvkey 11929 (ACURA PHARMACEUTICALS INC) flagged unreliable; no manual rescue available -- left UNMAPPED
CVS Health,CVS HEALTH,matched,007241,CVS HEALTH CORP,1,False,2,2010-09-27,2023-09-11,False,True,False,True,Drugs,exact_normalized,1900,2099,
Calavo Growers Inc,CALAVO GROWERS,matched,147708,CALAVO GROWERS INC,1,False,1,2024-10-25,2024-10-25,False,False,False,False,Food/Cosmetics,exact_normalized,1900,2099,
"Caliber Imaging & Diagnostics,",CALIBER IMAGING AND DIAGNOSTICS,matched,189363,CALIBER IMAGING & DIAGNOSTIC,1,False,1,2015-01-08,2015-01-08,True,False,False,True,Devices,exact_normalized,1900,2099,
Cantronic Systems Inc.,CANTRONIC SYSTEMS,matched,150760,CANTRONIC SYSTEMS INC,1,False,1,2021-03-04,2021-03-04,True,False,False,True,Devices,exact_normalized,1900,2099,
"Cardinal Health 200, LLC",CARDINAL HEALTH 200,matched,002751,CARDINAL HEALTH INC,1,True,1,2024-04-24,2024-04-24,True,False,False,True,Devices,parent_prefix,1900,2099,parent prefix: CARDINAL HEALTH
Carey USA LLC,CAREY,matched,064822,CAREY INTERNATIONAL INC,1,False,1,2020-06-10,2020-06-10,False,False,False,False,Food/Cosmetics,exact_normalized,1900,2099,
Cel-Sci Corporation,CEL SCI,matched,012711,CEL-SCI CORP,1,False,1,2011-08-05,2011-08-05,False,True,False,True,Drugs,exact_normalized,1900,2099,
Celltex Therapeutics Corporation,CELLTEX THERAPEUTICS,resolved_unlisted_parent,,,1,False,1,2012-09-24,2012-09-24,False,False,True,True,Biologics,ct_override_windowed,1900,2099,Audit-suspect fuzzy: original mapping to gvkey 179598 (CELLDEX THERAPEUTICS INC) flagged unreliable; no manual rescue available -- left UNMAPPED
Celltrion Inc.,CELLTRION,matched,275309,,1,False,1,2018-01-29,2018-01-29,False,True,False,True,Drugs,ct_override,1900,2099,CT crosswalk (override)
Celularity Inc,CELULARITY,matched,039277,CELULARITY INC,1,False,1,2025-12-01,2025-12-01,False,False,True,True,Biologics,exact_normalized,1900,2099,
Cepheid Ab,CEPHEID,matched,136804,CEPHEID INC,1,True,1,2015-07-23,2015-07-23,True,False,False,True,Devices,exact_normalized,1900,2099,
Chattem Inc,CHATTEM,matched,002950,CHATTEM INC,1,False,1,2011-01-28,2011-01-28,False,True,False,True,Drugs,exact_normalized,1900,2099,
"China Resources Sanjiu Medical & Pharmaceutical Co., Ltd.",CHINA RESOURCES SANJIU MEDICAL AND PHARMACEUTICAL,matched,025699,MEDICAL RESOURCES INC,1,False,1,2014-09-19,2014-09-19,False,True,False,True,Drugs,ct_dropped_device,1900,2099,CT device-sponsor list (conm: MEDICAL RESOURCES INC)
Church & Dwight Inc,CHURCH AND DWIGHT,matched,003026,CHURCH & DWIGHT INC,1,False,1,2011-05-16,2011-05-16,True,False,False,True,Devices,exact_normalized,1900,2099,
Clorox Co (The),CLOROX,matched,003121,CLOROX CO/DE,1,False,1,2016-12-15,2016-12-15,False,True,False,True,Drugs,exact_normalized,1900,2099,
Coastal Contacts Inc.,COASTAL CONTACTS,matched,266196,COASTAL CONTACTS INC,1,False,1,2013-12-11,2013-12-11,True,False,False,True,Devices,exact_normalized,1900,2099,
ConAgra Brands Inc,CONAGRA BRANDS,matched,003362,CONAGRA BRANDS INC,1,False,1,2013-09-20,2013-09-20,False,False,False,False,Food/Cosmetics,exact_normalized,1900,2099,
ConMed Corporation,CONMED,matched,013623,CONMED CORP,1,False,1,2014-01-29,2014-01-29,True,False,False,True,Devices,exact_normalized,1900,2099,
Conair LLC,CONAIR,matched,013148,CONAIR CORP/DE,1,False,1,2013-08-12,2013-08-12,True,False,False,True,Devices,exact_normalized,1900,2099,
Conformis Inc.,CONFORMIS,matched,024084,CONFORMIS INC,1,False,1,2019-12-10,2019-12-10,True,False,False,True,Devices,exact_normalized,1900,2099,
"ConvaTec, Inc",CONVATEC,matched,322728,CONVATEC GROUP PLC,1,True,1,2013-05-24,2013-05-24,True,False,False,True,Devices,exact_normalized,1900,2099,
Cook Incorporated,COOK,matched,003493,COOK INTERNATIONAL INC,1,False,1,2014-09-16,2014-09-16,True,False,False,True,Devices,exact_normalized,1900,2099,
Coram Healthcare Corp. of Indiana,CORAM HEALTHCARE OF INDIANA,matched,030442,CORAM HEALTHCARE CORP,1,True,1,2015-08-11,2015-08-11,False,True,False,True,Drugs,parent_prefix,1900,2099,parent prefix: CORAM HEALTHCARE
Cordis LLC,CORDIS,matched,003520,CORDIS CORP,1,False,1,2011-02-16,2011-02-16,True,False,False,True,Devices,exact_normalized,1900,2099,
"Cosco International, Inc.",COSCO,matched,003544,COSCO INC,1,False,1,2025-04-14,2025-04-14,False,True,False,True,Drugs,exact_normalized,1900,2099,
Covalon Technologies Ltd.,COVALON TECHNOLOGIES,matched,161840,COVALON TECHNOLOGIES LTD,1,False,1,2021-05-06,2021-05-06,False,True,False,True,Drugs,exact_normalized,1900,2099,
"Covidien, LP",COVIDIEN,matched,177264,COVIDIEN PLC,1,True,1,2012-06-14,2012-06-14,True,False,False,True,Devices,exact_normalized,1900,2099,
"Craftmatic Industries, Inc.",CRAFTMATIC INDUSTRIES,matched,012737,CRAFTMATIC INDUSTRIES INC,1,False,1,2015-02-17,2015-02-17,True,False,False,True,Devices,exact_normalized,1900,2099,
Criticare Systems (Malaysia) Sdn. Bhd.,CRITICARE SYSTEMS MALAYSIA SDN BHD,matched,013332,CRITICARE SYSTEMS INC,1,True,1,2015-01-15,2015-01-15,True,False,False,True,Devices,parent_prefix,1900,2099,parent prefix: CRITICARE SYSTEMS
"Cutera, Inc.",CUTERA,matched,146648,CUTERA INC,1,False,2,2012-07-09,2022-11-10,True,False,False,True,Devices,exact_normalized,1900,2099,
"CytoDyn, Inc.",CYTODYN,matched,164720,CYTODYN INC,1,False,1,2022-02-11,2022-02-11,False,True,False,True,Drugs,exact_normalized,1900,2099,
"DEWMAR INTERNATIONAL BMC, INC",DEWMAR BMC,matched,006014,DEWMAR INTL BMC INC,1,False,1,2014-03-27,2014-03-27,False,False,False,False,Food/Cosmetics,exact_normalized,1900,2099,
DSM - Firmenich,DSM FIRMENICH,matched,102454,DSM FIRMENICH AG,1,False,1,2019-10-11,2019-10-11,False,False,False,False,Veterinary,exact_normalized,1900,2099,
"Darling Ingredients, Inc.",DARLING INGREDIENTS,matched,030651,DARLING INGREDIENTS INC,1,False,1,2019-11-18,2019-11-18,False,False,False,False,Veterinary,exact_normalized,1900,2099,
Datascope Corp.,DATASCOPE,matched,003786,DATASCOPE CORP,1,False,2,2018-09-11,2019-02-06,True,False,False,True,Devices,exact_normalized,1900,2099,
"DePuy Orthopaedics, Inc.",DEPUY ORTHOPAEDICS,matched,063905,DEPUY INC,1,False,2,2010-08-19,2011-12-08,True,False,False,True,Devices,ct_dropped_device,1900,2099,CT device-sponsor list (conm: DEPUY INC)
"Delta Air Lines, Inc.",DELTA AIR LINES,matched,003851,DELTA AIR LINES INC,1,False,1,2011-04-13,2011-04-13,False,False,False,False,Food/Cosmetics,exact_normalized,1900,2099,
Dentsply Sirona Inc.,DENTSPLY SIRONA,matched,013700,DENTSPLY SIRONA INC,1,False,1,2013-04-11,2013-04-11,True,False,False,True,Devices,exact_normalized,1900,2099,
Dentsply Sirona Preventive,DENTSPLY SIRONA PREVENTIVE,matched,013700,DENTSPLY SIRONA INC,1,True,1,2011-01-04,2011-01-04,False,True,False,True,Drugs,parent_prefix,1900,2099,parent prefix: DENTSPLY SIRONA
"Dexcom, Inc.",DEXCOM,matched,162887,DEXCOM INC,1,False,3,2010-05-21,2025-03-04,True,False,False,True,Devices,exact_normalized,1900,2099,
Diamond Foods LLC,DIAMOND FOODS,matched,163627,DIAMOND FOODS INC,1,False,1,2010-02-22,2010-02-22,False,False,False,False,Food/Cosmetics,exact_normalized,1900,2099,
"Dr Pepper/Seven Up, Inc.",DR PEPPER SEVEN UP,matched,015273,DR PEPPER/SEVEN UP,1,False,1,2010-08-31,2010-08-31,False,False,False,False,Food/Cosmetics,exact_normalized,1900,2099,
Dr. Reddy's Laboratories Limited,DR REDDY S LABORATORIES,matched,223098,DR REDDY'S LABORATORIES LTD,1,False,1,2015-11-05,2015-11-05,False,True,False,True,Drugs,exact_normalized,1900,2099,
Dr. Reddy's Laboratories Limited CTO VI,DR REDDY S LABORATORIES CTO VI,matched,223098,DR REDDY'S LABORATORIES LTD,1,True,1,2015-11-05,2015-11-05,False,True,False,True,Drugs,parent_prefix,1900,2099,parent prefix: DR REDDY S LABORATORIES
Dr. Reddy's Laboratories Ltd.,DR REDDY S LABORATORIES,matched,223098,DR REDDY'S LABORATORIES LTD,1,False,1,2015-11-05,2015-11-05,False,True,False,True,Drugs,exact_normalized,1900,2099,
"Draeger Medical Systems, Inc.",DRAEGER MEDICAL SYSTEMS,resolved_unlisted_parent,,,1,False,1,2020-01-17,2020-01-17,True,False,False,True,Devices,ct_override_windowed,1900,2099,Audit-suspect fuzzy: original mapping to gvkey 25013 (PLC SYSTEMS INC) flagged unreliable; no manual rescue available -- left UNMAPPED
"Dreyer's Grand Ice Cream, Inc.",DREYER S GRAND ICE CREAM,matched,004078,DREYER'S GRAND ICE CRM HLDGS,1,False,1,2010-02-22,2010-02-22,False,False,False,False,Food/Cosmetics,exact_normalized,1900,2099,
EAGLE ENERGY USA INC,EAGLE ENERGY,matched,185970,EAGLE ENERGY INC,1,False,1,2021-12-01,2021-12-01,False,True,False,True,Drugs,exact_normalized,1900,2099,
EFT Inc,EFT,matched,106554,EFT HOLDINGS INC,1,False,1,2009-08-19,2009-08-19,False,False,False,False,Food/Cosmetics,exact_normalized,1900,2099,
"Edwards Lifesciences, LLC",EDWARDS LIFESCIENCES,matched,133366,EDWARDS LIFESCIENCES CORP,1,False,2,2010-03-01,2013-05-24,True,False,False,True,Devices,exact_normalized,1900,2099,
"Eisai, Inc.",EISAI,resolved_unlisted_parent,,,1,False,1,2009-11-06,2009-11-06,False,True,False,True,Drugs,ct_override_windowed,1900,2099,Japanese (ESALY ADR not in CRSP link)
Elevate,ELEVATE,matched,182908,ELEVATE INC,1,False,1,2025-09-09,2025-09-09,False,True,False,True,Drugs,exact_normalized,1900,2099,
Eli Lilly & Company,ELI LILLY AND,matched,006730,LILLY (ELI) & CO,1,False,3,2025-09-09,2025-09-09,False,True,False,True,Drugs,exact_normalized,1900,2099,
Encompass Group LLC,ENCOMPASS,matched,031283,ENCOMPASS HOLDINGS INC,1,False,1,2010-06-03,2010-06-03,True,False,False,True,Devices,exact_normalized,1900,2099,
Entellus Medical Inc.,ENTELLUS MEDICAL,matched,022667,ENTELLUS MEDICAL INC,1,False,1,2017-04-06,2017-04-06,True,False,False,True,Devices,exact_normalized,1900,2099,
Entia Biosciences Inc,ENTIA BIOSCIENCES,matched,178743,ENTIA BIOSCIENCES INC,1,False,1,2021-01-06,2021-01-06,False,False,False,False,Food/Cosmetics,exact_normalized,1900,2099,
Envoy Medical Corporation,ENVOY MEDICAL,matched,038030,ENVOY MEDICAL INC,1,False,1,2025-11-13,2025-11-13,True,False,False,True,Devices,exact_normalized,1900,2099,
Evenflo Co Inc,EVENFLO,matched,146214,EVENFLO INC,1,False,1,2009-08-25,2009-08-25,True,False,False,True,Devices,exact_normalized,1900,2099,
Evoqua Water Technologies LLC,EVOQUA WATER TECHNOLOGIES,matched,032610,EVOQUA WATER TECH,1,False,1,2014-04-17,2014-04-17,True,False,False,True,Devices,exact_normalized,1900,2099,
"Exactech, Inc.",EXACTECH,matched,062948,EXACTECH INC,1,False,1,2024-01-19,2024-01-19,True,False,False,True,Devices,exact_normalized,1900,2099,
"EyePoint US, Inc.",EYEPOINT,matched,253527,EYEPOINT INC,1,False,1,2024-07-12,2024-07-12,False,True,False,True,Drugs,exact_normalized,1900,2099,
"F Care Systems USA, LLC",F CARE SYSTEMS,resolved_unlisted_parent,,,1,False,1,2012-06-12,2012-06-12,True,False,False,True,Devices,ct_override_windowed,1900,2099,Audit-suspect fuzzy: original mapping to gvkey 25013 (PLC SYSTEMS INC) flagged unreliable; no manual rescue available -- left UNMAPPED
"Fresenius Kabi USA, LLC",FRESENIUS KABI,matched,003849,FRESENIUS USA INC,1,False,2,2012-02-22,2024-01-04,True,True,False,True,Devices; Drugs,ct_dropped_device,1900,2099,CT device-sponsor list (conm: FRESENIUS USA INC)
"Fresenius Medical Care Renal Therapies Group, LLC",FRESENIUS MEDICAL CARE RENAL THERAPIES,matched,212782,FRESENIUS MEDICAL CARE AG,1,True,3,2010-09-15,2023-12-04,True,False,False,True,Devices,parent_prefix,1900,2099,parent prefix: FRESENIUS MEDICAL CARE
Fresenius SE & Co. KGaA,FRESENIUS SE AND KGAA,matched,202305,FRESENIUS SE & CO KGAA,1,False,2,2011-01-28,2011-04-06,True,False,False,True,Devices,exact_normalized,1900,2099,
Fujifilm Corporation,FUJIFILM,matched,004925,FUJIFILM HLDGS CORP,1,False,1,2018-03-09,2018-03-09,True,False,False,True,Devices,exact_normalized,1900,2099,
"Galena Biopharma, Inc.",GALENA BIOPHARMA,matched,179605,GALENA BIOPHARMA INC,1,False,1,2015-04-03,2015-04-03,False,True,False,True,Drugs,exact_normalized,1900,2099,
General Medical Company,GENERAL MEDICAL,matched,005067,GENERAL MEDICAL CORP,1,False,1,2016-06-02,2016-06-02,True,False,False,True,Devices,exact_normalized,1900,2099,
"General Mills, Inc",GENERAL MILLS,matched,005071,GENERAL MILLS INC,1,False,1,2009-05-05,2009-05-05,False,False,False,False,Food/Cosmetics,exact_normalized,1900,2099,
Genesis,GENESIS,matched,007515,GENESIS WORLDWIDE INC-OLD,1,False,1,2026-02-20,2026-02-20,False,True,False,True,Drugs,ct_dropped_device,1900,2099,CT device-sponsor list (conm: GENESIS WORLDWIDE INC-OLD)
"Gentuity, LLC",GENTUITY,resolved_unlisted_parent,,,1,False,1,2026-07-02,2026-07-02,True,False,False,True,Devices,ct_override_windowed,1900,2099,Audit-suspect fuzzy: original mapping to gvkey 137357 (GENUITY INC) flagged unreliable; no manual rescue available -- left UNMAPPED
Genzyme Corporation,GENZYME,matched,012233,GENZYME CORP,1,False,1,2025-01-15,2025-01-15,False,True,False,True,Drugs,ct_override_windowed,1900,2010,Genzyme standalone
Genzyme Corporation,GENZYME,matched,101204,SANOFI,1,False,1,2025-01-15,2025-01-15,False,True,False,True,Drugs,ct_override_windowed,2011,2099,Sanofi post-Genzyme
"GeoTec, Inc.",GEOTEC,matched,125377,GEOTEC INC,1,False,1,2015-09-30,2015-09-30,True,False,False,True,Devices,exact_normalized,1900,2099,
Gerber Products Company,GERBER PRODUCTS,matched,005141,GERBER PRODUCTS CO,1,False,1,2010-02-22,2010-02-22,False,False,False,False,Food/Cosmetics,exact_normalized,1900,2099,
Gilead Sciences Inc,GILEAD SCIENCES,matched,024856,GILEAD SCIENCES INC,1,False,1,2010-09-21,2010-09-21,False,True,False,True,Drugs,exact_normalized,1900,2099,
"Globus Medical, Inc.",GLOBUS MEDICAL,matched,171002,GLOBUS MEDICAL INC,1,False,2,2013-09-26,2024-07-15,True,False,False,True,Devices,exact_normalized,1900,2099,
Granules India Limited,GRANULES INDIA,matched,257195,GRANULES INDIA LTD,1,False,1,2025-02-26,2025-02-26,False,True,False,True,Drugs,exact_normalized,1900,2099,
Gsk,GSK,matched,005180,GSK PLC,1,False,1,2010-04-19,2010-04-19,False,True,False,True,Drugs,exact_normalized,1900,2099,
Hanover Foods Corporation,HANOVER FOODS,matched,028730,HANOVER FOODS CORP/PA,1,False,2,2010-10-21,2021-03-26,False,False,False,False,Food/Cosmetics,exact_normalized,1900,2099,
"Health-Chem Acquisitions, LLC",HEALTH CHEM ACQUISITIONS,matched,005545,HEALTH-CHEM CORP,1,True,1,2017-12-07,2017-12-07,True,False,False,True,Devices,parent_prefix,1900,2099,parent prefix: HEALTH CHEM
"Heartware, Inc.",HEARTWARE,matched,271794,HEARTWARE INTERNATIONAL INC,1,False,1,2014-06-02,2014-06-02,True,False,False,True,Devices,exact_normalized,1900,2099,
Hill-Rom Inc,HILL ROM,matched,005639,HILL-ROM HOLDINGS INC,1,False,1,2012-03-02,2012-03-02,True,False,False,True,Devices,exact_normalized,1900,2099,
"Hillestad Pharmaceuticals USA, Inc.",HILLESTAD PHARMACEUTICALS,matched,106836,HILLESTAD PHARMACEUTICALS IN,1,False,1,2013-04-17,2013-04-17,False,False,False,False,Food/Cosmetics,exact_normalized,1900,2099,
"Hologic, Inc",HOLOGIC,matched,020904,HOLOGIC INC,1,False,1,2024-12-18,2024-12-18,True,False,False,True,Devices,exact_normalized,1900,2099,
"Hooper Holmes, Inc.",HOOPER HOLMES,matched,005697,HOOPER HOLMES INC,1,False,1,2010-12-22,2010-12-22,True,False,False,True,Devices,exact_normalized,1900,2099,
Horizon Air Industries Inc,HORIZON AIR INDUSTRIES,matched,005701,HORIZON AIR INDUSTRIES INC,1,False,1,2016-05-13,2016-05-13,False,False,False,False,Food/Cosmetics,exact_normalized,1900,2099,
Hospira Inc,HOSPIRA,matched,160255,HOSPIRA INC,1,False,1,2009-08-12,2009-08-12,True,False,False,True,Devices,exact_normalized,1900,2099,
"Hospira, Inc.",HOSPIRA,matched,160255,HOSPIRA INC,1,False,4,2010-04-12,2017-02-14,True,True,False,True,Devices; Drugs,exact_normalized,1900,2099,
ICU Medical Costa Rica Ltd.,ICU MEDICAL COSTA RICA,matched,025110,ICU MEDICAL INC,1,True,1,2012-09-27,2012-09-27,True,False,False,True,Devices,parent_prefix,1900,2099,parent prefix: ICU MEDICAL
ICU Medical Inc.,ICU MEDICAL,matched,025110,ICU MEDICAL INC,1,False,2,2021-10-01,2025-04-04,True,False,False,True,Devices,exact_normalized,1900,2099,
"ICU Medical, Inc.",ICU MEDICAL,matched,025110,ICU MEDICAL INC,1,False,3,2010-04-12,2013-05-09,True,True,False,True,Devices; Drugs,exact_normalized,1900,2099,
ID Biomedical Corporation of Quebec,ID BIOMEDICAL OF QUEBEC,matched,027522,ID BIOMEDICAL CORP,1,True,1,2014-06-12,2014-06-12,False,False,True,True,Biologics,parent_prefix,1900,2099,parent prefix: ID BIOMEDICAL
Illinois Tool Works Inc,ILLINOIS TOOL WORKS,matched,005878,ILLINOIS TOOL WORKS,1,False,1,2016-10-19,2016-10-19,False,True,False,True,Drugs,exact_normalized,1900,2099,
"Impax Laboratories, LLC.",IMPAX LABORATORIES,matched,061745,IMPAX LABORATORIES INC,1,False,1,2011-05-31,2011-05-31,False,True,False,True,Drugs,exact_normalized,1900,2099,
"Instituto Bioclon, S.A. de C.V.",INSTITUTO BIOCLON S A DE C V,resolved_unlisted_parent,,,1,False,1,2014-04-16,2014-04-16,False,False,True,True,Biologics,ct_override_windowed,1900,2099,Audit-suspect fuzzy: original mapping to gvkey 30584 (A S V INC) flagged unreliable; no manual rescue available -- left UNMAPPED
Insulet Corporation,INSULET,matched,177227,INSULET CORP,1,False,1,2015-06-05,2015-06-05,True,False,False,True,Devices,exact_normalized,1900,2099,
Intas Pharmaceuticals Limited,INTAS PHARMACEUTICALS,resolved_unlisted_parent,,,1,False,2,2023-07-28,2023-11-21,False,True,False,True,Drugs,ct_override_windowed,1900,2099,Audit-suspect fuzzy: original mapping to gvkey 138662 (ISTA PHARMACEUTICALS INC) flagged unreliable; no manual rescue available -- left UNMAPPED
Intas Pharmaceuticals Ltd.,INTAS PHARMACEUTICALS,resolved_unlisted_parent,,,1,False,1,2026-03-30,2026-03-30,False,True,False,True,Drugs,ct_override_windowed,1900,2099,Audit-suspect fuzzy: original mapping to gvkey 138662 (ISTA PHARMACEUTICALS INC) flagged unreliable; no manual rescue available -- left UNMAPPED
Integra LifeSciences Corp. (NeuroSciences),INTEGRA LIFESCIENCES NEUROSCIENCES,matched,061181,INTEGRA LIFESCIENCES HOLDNGS,1,True,1,2024-12-19,2024-12-19,True,False,False,True,Devices,parent_prefix,1900,2099,parent prefix: INTEGRA LIFESCIENCES
Integra LifeSciences Corporation,INTEGRA LIFESCIENCES,matched,061181,INTEGRA LIFESCIENCES HOLDNGS,1,False,2,2011-12-21,2024-12-19,True,False,False,True,Devices,exact_normalized,1900,2099,
"Intuitive Surgical, Inc.",INTUITIVE SURGICAL,matched,136725,INTUITIVE SURGICAL INC,1,False,1,2013-07-16,2013-07-16,True,False,False,True,Devices,exact_normalized,1900,2099,
Invacare Corporation,INVACARE,matched,006158,INVACARE CORP,1,False,2,2010-12-15,2021-11-18,True,False,False,True,Devices,exact_normalized,1900,2099,
Invatec S.p.A.,INVATEC S P A,resolved_unlisted_parent,,,1,False,1,2013-05-06,2013-05-06,True,False,False,True,Devices,ct_override_windowed,1900,2099,Audit-suspect fuzzy: original mapping to gvkey 1059 (A P S INC) flagged unreliable; no manual rescue available -- left UNMAPPED
J.M. Smucker LLC,J M SMUCKER,matched,009777,SMUCKER (JM) CO,1,False,1,2023-01-24,2023-01-24,False,False,False,False,Food/Cosmetics,exact_normalized,1900,2099,
"Jazz Pharmaceuticals, Inc",JAZZ PHARMACEUTICALS,matched,177287,JAZZ PHARMACEUTICALS PLC,1,True,3,2010-07-06,2012-09-18,False,True,False,True,Drugs,exact_normalized,1900,2099,
"Johnson & Johnson Pharmaceutical Research & Development, LLC",JOHNSON AND JOHNSON PHARMACEUTICAL RESEARCH AND DEVELOPMENT,matched,006266,JOHNSON & JOHNSON,1,True,1,2009-08-10,2009-08-10,False,True,False,True,Drugs,parent_prefix,1900,2099,parent prefix: JOHNSON AND JOHNSON
Johnson & Johnson Ps,JOHNSON AND JOHNSON PS,matched,006266,JOHNSON & JOHNSON,1,True,1,2009-05-12,2009-05-12,False,True,False,True,Drugs,parent_prefix,1900,2099,parent prefix: JOHNSON AND JOHNSON
"Kaleido Biosciences, Inc.",KALEIDO BIOSCIENCES,matched,034640,KALEIDO BIOSCIENCES INC,1,False,1,2021-08-26,2021-08-26,False,True,False,True,Drugs,exact_normalized,1900,2099,
Kenvue Brands LLC,KENVUE BRANDS,matched,041897,KENVUE INC,1,False,3,2010-09-27,2014-06-27,True,True,False,True,Devices; Drugs; Food/Cosmetics,ct_dropped_device,1900,2099,CT device-sponsor list (conm: KENVUE INC)
Kerr Corporation,KERR,matched,006402,KERR GROUP INC,1,False,1,2012-07-17,2012-07-17,True,False,False,True,Devices,exact_normalized,1900,2099,
Kerry Inc,KERRY,matched,100801,KERRY GROUP PLC,1,True,1,2018-07-27,2018-07-27,False,False,False,False,Food/Cosmetics,exact_normalized,1900,2099,
Kerry Inc.,KERRY,matched,100801,KERRY GROUP PLC,1,True,2,2009-11-13,2019-04-02,False,False,False,False,Food/Cosmetics,exact_normalized,1900,2099,
Kimberly-Clark Corporation,KIMBERLY CLARK,matched,006435,KIMBERLY-CLARK CORP,1,False,1,2012-08-08,2012-08-08,True,False,False,True,Devices,exact_normalized,1900,2099,
LCA Vision Inc,LCA VISION,matched,061900,LCA VISION INC,1,False,1,2009-10-30,2009-10-30,True,False,False,True,Devices,exact_normalized,1900,2099,
LCA Vision Inc.,LCA VISION,matched,061900,LCA VISION INC,1,False,2,2009-10-09,2009-10-09,True,False,False,True,Devices,exact_normalized,1900,2099,
LCA Vision Inc/Lasik Plus Vision Center,LCA VISION LASIK PLUS VISION CENTER,matched,061900,LCA VISION INC,1,True,1,2010-02-12,2010-02-12,True,False,False,True,Devices,parent_prefix,1900,2099,parent prefix: LCA VISION
"LCA Vision, Inc",LCA VISION,matched,061900,LCA VISION INC,1,False,1,2009-10-09,2009-10-09,True,False,False,True,Devices,exact_normalized,1900,2099,
LCC Ltd.,LCC,matched,063635,LCC INTERNATIONAL INC  -CL A,1,True,2,2023-08-03,2024-11-22,False,True,False,True,Drugs,exact_normalized,1900,2099,
"Lannett Company, Inc.",LANNETT,matched,022632,LANNETT CO INC,1,False,1,2009-03-30,2009-03-30,False,True,False,True,Drugs,exact_normalized,1900,2099,
Latin Foods Market,LATIN FOODS MARKET,matched,021775,LATIN FOODS INTL INC,1,True,1,2022-10-28,2022-10-28,False,True,False,True,Drugs,parent_prefix,1900,2099,parent prefix: LATIN FOODS
"LeMaitre Vascular, Inc.",LEMAITRE VASCULAR,matched,174390,LEMAITRE VASCULAR INC,1,False,2,2010-05-11,2025-08-11,True,False,False,True,Devices,exact_normalized,1900,2099,
LifeCell Corp,LIFECELL,matched,024982,LIFECELL CORP,1,False,1,2015-06-01,2015-06-01,True,False,False,True,Devices,exact_normalized,1900,2099,
LifeCell Corporation,LIFECELL,matched,024982,LIFECELL CORP,1,False,2,2008-10-10,2011-05-06,True,False,False,True,Devices,exact_normalized,1900,2099,
Lifevantage Corp,LIFEVANTAGE,matched,025027,LIFEVANTAGE CORP,1,False,1,2017-04-17,2017-04-17,False,True,False,True,Drugs; Food/Cosmetics,exact_normalized,1900,2099,
"Lifeway Foods, Inc.",LIFEWAY FOODS,matched,015087,LIFEWAY FOODS INC,1,False,1,2011-02-18,2011-02-18,False,False,False,False,Food/Cosmetics,exact_normalized,1900,2099,
Lincare Inc,LINCARE,matched,025062,LINCARE HOLDINGS INC,1,False,1,2016-04-25,2016-04-25,False,True,False,True,Drugs,exact_normalized,1900,2099,
LivaNova USA Inc.,LIVANOVA,matched,027810,LIVANOVA PLC,1,True,1,2015-12-29,2015-12-29,True,False,False,True,Devices,exact_normalized,1900,2099,
Loreal,LOREAL,matched,100581,LOREAL SA,1,False,1,2015-02-12,2015-02-12,False,False,False,False,Food/Cosmetics,exact_normalized,1900,2099,
Luminex Corporation,LUMINEX,matched,133504,LUMINEX CORP,1,False,3,2009-05-14,2020-06-26,True,False,False,True,Devices,exact_normalized,1900,2099,
MIT,MIT,matched,176745,MIT HOLDING INC,1,False,1,2024-06-21,2024-06-21,False,False,True,True,Biologics,exact_normalized,1900,2099,
Magna Pharmaceuticals Inc,MAGNA PHARMACEUTICALS,matched,013053,MAGNA GROUP INC,1,False,1,2010-02-08,2010-02-08,False,True,False,True,Drugs,ct_dropped_device,1900,2099,CT device-sponsor list (conm: MAGNA GROUP INC)
MannKind Corporation,MANNKIND,matched,160340,MANNKIND CORP,1,False,1,2018-10-05,2018-10-05,False,True,False,True,Drugs,exact_normalized,1900,2099,
Mannatech Inc,MANNATECH,matched,112968,MANNATECH INC,1,False,1,2017-11-14,2017-11-14,False,False,False,False,Food/Cosmetics,exact_normalized,1900,2099,
Market America Inc,MARKET AMERICA,matched,031057,MARKET AMERICA INC,1,False,1,2020-02-12,2020-02-12,False,False,False,False,Food/Cosmetics,exact_normalized,1900,2099,
Masimo Corporation,MASIMO,matched,177881,MASIMO CORP,1,False,1,2014-08-13,2014-08-13,True,False,False,True,Devices,exact_normalized,1900,2099,
"Matrixx Initiatives, Inc.",MATRIXX INITIATIVES,matched,062700,MATRIXX INITIATIVES INC,1,False,2,2009-06-16,2011-06-03,False,True,False,True,Drugs,exact_normalized,1900,2099,
"McGuff Pharmaceuticals, Inc.",MCGUFF PHARMACEUTICALS,resolved_unlisted_parent,,,1,False,2,2010-12-28,2015-11-13,False,True,False,True,Drugs,ct_override_windowed,1900,2099,Audit-suspect fuzzy: original mapping to gvkey 28470 (RA PHARMACEUTICALS INC) flagged unreliable; no manual rescue available -- left UNMAPPED
McKesson,MCKESSON,matched,007171,MCKESSON CORP,1,False,1,2019-02-07,2019-02-07,False,True,False,True,Drugs,exact_normalized,1900,2099,
McKesson Corporation,MCKESSON,matched,007171,MCKESSON CORP,1,False,1,2020-01-29,2020-01-29,False,False,False,False,Veterinary,exact_normalized,1900,2099,
"Measurement Specialties, Inc.",MEASUREMENT SPECIALTIES,matched,012236,MEASUREMENT SPECIALTIES INC,1,False,1,2011-10-12,2011-10-12,True,False,False,True,Devices,exact_normalized,1900,2099,
"MedLine Industries, LP (NAMIC Division)",MEDLINE INDUSTRIES NAMIC DIVISION,matched,007224,MEDLINE INDUSTRIES INC,1,True,1,2026-03-26,2026-03-26,True,False,False,True,Devices,parent_prefix,1900,2099,parent prefix: MEDLINE INDUSTRIES
MedX Health Corp,MEDX HEALTH,matched,164696,MEDX HEALTH CORP,1,False,1,2014-09-11,2014-09-11,True,False,False,True,Devices,exact_normalized,1900,2099,
"Meda Pharmaceuticals, Inc",MEDA PHARMACEUTICALS,resolved_unlisted_parent,,,1,False,1,2009-07-13,2009-07-13,False,True,False,True,Drugs,ct_override_windowed,1900,2099,Audit-suspect fuzzy: original mapping to gvkey 64717 (INMED PHARMACEUTICALS INC) flagged unreliable; no manual rescue available -- left UNMAPPED
Medical Innovations,MEDICAL INNOVATIONS,matched,015852,MEDICAL INNOVATIONS INC,1,False,1,2014-05-12,2014-05-12,True,False,False,True,Devices,exact_normalized,1900,2099,
Medivators Inc,MEDIVATORS,matched,024498,MEDIVATORS INC,1,False,1,2009-07-31,2009-07-31,True,False,False,True,Devices,exact_normalized,1900,2099,
"Medline Industries, LP",MEDLINE INDUSTRIES,matched,007224,MEDLINE INDUSTRIES INC,1,False,4,2010-03-12,2026-05-28,True,True,False,True,Devices; Drugs,exact_normalized,1900,2099,
"Medtronic MiniMed, Inc.",MEDTRONIC MINIMED,matched,061059,MINIMED INC,1,False,2,2013-09-19,2021-12-09,True,False,False,True,Devices,ct_dropped_device,1900,2099,CT device-sponsor list (conm: MINIMED INC)
"Medtronic, Inc.",MEDTRONIC,matched,007228,MEDTRONIC PLC,1,True,2,2009-11-09,2018-07-30,True,False,False,True,Devices,exact_normalized,1900,2099,
Mentor Worldwide LLC,MENTOR WORLDWIDE,matched,007250,MENTOR CORP,1,False,1,2019-03-18,2019-03-18,True,False,False,True,Devices,ct_dropped_device,1900,2099,CT device-sponsor list (conm: MENTOR CORP)
Merck & Co Inc,MERCK AND,matched,007257,MERCK & CO INC,1,False,1,2012-02-17,2012-02-17,False,True,False,True,Drugs,exact_normalized,1900,2099,
Merck & Co. Inc,MERCK AND,matched,007257,MERCK & CO INC,1,False,1,2010-03-12,2010-03-12,False,False,False,False,Veterinary,exact_normalized,1900,2099,
Merck Serono S.p.A.,MERCK SERONO S P A,matched,102045,MERCK SERONO SA,1,True,1,2011-12-15,2011-12-15,False,True,False,True,Drugs,parent_prefix,1900,2099,parent prefix: MERCK SERONO
Merck Serono SA,MERCK SERONO,matched,102045,MERCK SERONO SA,1,False,1,2011-12-15,2011-12-15,False,True,False,True,Drugs,exact_normalized,1900,2099,
Merck Serono SA (Vevey),MERCK SERONO VEVEY,matched,102045,MERCK SERONO SA,1,True,1,2011-12-15,2011-12-15,False,True,False,True,Drugs,parent_prefix,1900,2099,parent prefix: MERCK SERONO
"Merge Healthcare, Inc.",MERGE HEALTHCARE,matched,066630,MERGE HEALTHCARE INC,1,False,1,2015-09-30,2015-09-30,True,False,False,True,Devices,exact_normalized,1900,2099,
"MiMedx Group, Inc.",MIMEDX,matched,178157,MIMEDX GROUP INC,1,False,1,2023-12-20,2023-12-20,False,False,True,True,Biologics,exact_normalized,1900,2099,
Micro Labs Limited,MICRO LABS,matched,107413,MICRO LABS INC,1,True,1,2015-01-09,2015-01-09,False,True,False,True,Drugs,exact_normalized,1900,2099,
Momentum,MOMENTUM,matched,021092,MOMENTUM CORP,1,False,1,2026-06-08,2026-06-08,False,True,False,True,Drugs,exact_normalized,1900,2099,
Moog Inc,MOOG,matched,007549,MOOG INC  -CL A,1,False,1,2011-04-20,2011-04-20,True,False,False,True,Devices,exact_normalized,1900,2099,
Mylan Pharmaceuticals Inc,MYLAN PHARMACEUTICALS,matched,007637,VIATRIS INC,1,False,1,2018-11-09,2018-11-09,False,True,False,True,Drugs,ct_override_windowed,1900,2099,Mylan/Viatris; fixes fuzzy mismatch to AMYLIN PHARMACEUTICALS
NATCO Pharma Limited,NATCO PHARMA,matched,128759,NATCO GROUP INC,1,False,1,2024-04-08,2024-04-08,False,True,False,True,Drugs,ct_dropped_device,1900,2099,CT device-sponsor list (conm: NATCO GROUP INC)
Nature'S Sunshine Products Inc,NATURE S SUNSHINE PRODUCTS,matched,007799,NATURES SUNSHINE PRODS INC,1,False,1,2009-06-05,2009-06-05,False,False,False,False,Food/Cosmetics,exact_normalized,1900,2099,
Natus Medical Incorporated,NATUS MEDICAL,matched,144436,NATUS MEDICAL INC,1,False,1,2015-04-10,2015-04-10,True,False,False,True,Devices,exact_normalized,1900,2099,
Neogen Corporation,NEOGEN,matched,016453,NEOGEN CORP,1,False,1,2016-01-26,2016-01-26,False,False,False,False,Veterinary,exact_normalized,1900,2099,
"Nephros, Inc.",NEPHROS,matched,151423,NEPHROS INC,1,False,1,2015-05-27,2015-05-27,True,False,False,True,Devices,exact_normalized,1900,2099,
Nestle USA,NESTLE,matched,016603,NESTLE SA/AG,1,False,1,2009-12-04,2009-12-04,False,False,False,False,Food/Cosmetics,exact_normalized,1900,2099,
"New England Life Care, Inc. dba Advanced Compounding Solutions",NEW ENGLAND LIFE CARE ADVANCED COMPOUNDING SOLUTIONS,matched,007836,NEW ENGLAND CORP,1,True,1,2023-05-16,2023-05-16,False,True,False,True,Drugs,parent_prefix,1900,2099,parent prefix: NEW ENGLAND
New Generation Wellness Inc.,NEW GENERATION WELLNESS,matched,121318,NEW GENERATION HOLDINGS INC,1,True,1,2010-09-27,2010-09-27,False,True,False,True,Drugs,parent_prefix,1900,2099,parent prefix: NEW GENERATION
Noah Medical Corporation,NOAH MEDICAL,matched,185783,NOAH HOLDINGS LIMITED,1,False,1,2025-04-09,2025-04-09,True,False,False,True,Devices,ct_dropped_device,1900,2099,CT device-sponsor list (conm: NOAH HOLDINGS LIMITED)
"North West Company International, Inc.",NORTH WEST,matched,023994,NORTH WEST CO INC,1,False,1,2011-08-08,2011-08-08,False,False,False,False,Food/Cosmetics,exact_normalized,1900,2099,
Novabay Pharmaceuticals Inc,NOVABAY PHARMACEUTICALS,matched,177228,STABLECOIN DEVELOPMENT CORP,1,False,1,2020-11-02,2020-11-02,False,True,False,True,Drugs,ct_resolved,1900,2099,"CT crosswalk (resolved, score 100)"
"Noven Pharmaceuticals, Inc.",NOVEN PHARMACEUTICALS,matched,014918,NOVEN PHARMACEUTICALS INC,1,False,2,2011-08-25,2016-08-05,False,True,False,True,Drugs,exact_normalized,1900,2099,
Novo Nordisk A/S,NOVO NORDISK A S,matched,008020,NOVO NORDISK A/S,1,False,1,2012-12-12,2012-12-12,False,True,False,True,Drugs,exact_normalized,1900,2099,
Novo Nordisk Inc.,NOVO NORDISK,matched,008020,NOVO NORDISK A/S,1,False,2,2025-09-09,2026-03-05,False,True,False,True,Drugs,ct_override,1900,2099,CT crosswalk (override)
NuVasive Inc,NUVASIVE,matched,264385,NUVASIVE INC,1,False,1,2013-03-12,2013-03-12,True,False,False,True,Devices,exact_normalized,1900,2099,
Nutra Pharma Corporation,NUTRA PHARMA,matched,145206,NUTRA PHARMA CORP,1,False,1,2019-03-11,2019-03-11,False,True,False,True,Drugs,exact_normalized,1900,2099,
"NutraStar, Inc.",NUTRASTAR,matched,158133,NUTRASTAR INTERNATIONAL INC,1,False,1,2013-08-02,2013-08-02,False,False,False,False,Food/Cosmetics,exact_normalized,1900,2099,
OWLET BABY CARE INC,OWLET BABY CARE,matched,039255,OWLET INC,1,False,1,2021-10-05,2021-10-05,True,False,False,True,Devices,ct_dropped_device,1900,2099,CT device-sponsor list (conm: OWLET INC)
Ocular Therapeutix Inc.,OCULAR THERAPEUTIX,matched,021015,OCULAR THERAPEUTIX INC,1,False,1,2020-09-02,2020-09-02,True,False,False,True,Devices,exact_normalized,1900,2099,
Olympus Corporation of the Americas,OLYMPUS OF AMERICAS,resolved_unlisted_parent,,,1,False,2,2012-09-10,2015-08-12,True,False,False,True,Devices,ct_override_windowed,1900,2099,Audit-suspect fuzzy: original mapping to gvkey 11151 (GROUP INC (THE)) flagged unreliable; no manual rescue available -- left UNMAPPED
Option Care,OPTION CARE,matched,025168,OPTION CARE INC,1,False,2,2015-08-27,2016-10-19,False,True,False,True,Drugs,exact_normalized,1900,2099,
Option Care Enterprises,OPTION CARE ENTERPRISES,matched,025168,OPTION CARE INC,1,True,1,2017-09-28,2017-09-28,False,True,False,True,Drugs,parent_prefix,1900,2099,parent prefix: OPTION CARE
"Option Care Enterprises, Inc.",OPTION CARE ENTERPRISES,matched,025168,OPTION CARE INC,1,True,2,2016-09-07,2017-07-20,False,True,False,True,Drugs,parent_prefix,1900,2099,parent prefix: OPTION CARE
"Option Care Enterprises, Inc. dba Option Care",OPTION CARE ENTERPRISES OPTION CARE,matched,025168,OPTION CARE INC,1,True,1,2017-09-12,2017-09-12,False,True,False,True,Drugs,parent_prefix,1900,2099,parent prefix: OPTION CARE
"OraLabs, Incorporated",ORALABS,matched,009413,ORALABS HOLDING CORP,1,False,1,2026-03-11,2026-03-11,False,True,False,True,Drugs,exact_normalized,1900,2099,
"Organ Recovery Systems, Inc.",ORGAN RECOVERY SYSTEMS,resolved_unlisted_parent,,,1,False,1,2017-04-20,2017-04-20,True,False,False,True,Devices,ct_override_windowed,1900,2099,Audit-suspect fuzzy: original mapping to gvkey 25013 (PLC SYSTEMS INC) flagged unreliable; no manual rescue available -- left UNMAPPED
Ortho Clinical Diagnostics Gmbh,ORTHO CLINICAL DIAGNOSTICS,matched,037680,ORTHO CLINICAL DIAG HLDG PLC,1,False,1,2015-09-03,2015-09-03,True,False,False,True,Devices,exact_normalized,1900,2099,
"Orthosoft, Inc.",ORTHOSOFT,matched,158599,ORTHOSOFT INC,1,False,1,2016-05-27,2016-05-27,True,False,False,True,Devices,exact_normalized,1900,2099,
"Outset Medical, Inc.",OUTSET MEDICAL,matched,036885,OUTSET MEDICAL INC,1,False,1,2023-07-05,2023-07-05,True,False,False,True,Devices,exact_normalized,1900,2099,
"PERFORMANCE FOOD GROUP, INC.",PERFORMANCE FOOD,matched,028787,PERFORMANCE FOOD GROUP CO,1,False,1,2010-12-23,2010-12-23,False,False,False,False,Food/Cosmetics,exact_normalized,1900,2099,
PRONET,PRONET,matched,013628,PRONET INC,1,False,1,2012-09-18,2012-09-18,False,True,False,True,Drugs,exact_normalized,1900,2099,
Penumbra Inc.,PENUMBRA,matched,026147,PENUMBRA INC,1,False,1,2009-12-31,2009-12-31,True,False,False,True,Devices,exact_normalized,1900,2099,
Pfizer Inc.,PFIZER,matched,008530,PFIZER INC,1,False,2,2010-05-26,2012-05-24,False,True,False,True,Drugs,exact_normalized,1900,2099,
"Pfizer, Inc.",PFIZER,matched,008530,PFIZER INC,1,False,1,2010-04-09,2010-04-09,False,True,False,True,Drugs,exact_normalized,1900,2099,
"Philips Respironics, Inc.",PHILIPS RESPIRONICS,matched,014385,RESPIRONICS INC,1,False,3,2011-10-11,2014-11-17,True,False,False,True,Devices,ct_dropped_device,1900,2099,CT device-sponsor list (conm: RESPIRONICS INC)
Pioneer Surgical Technology Inc.,PIONEER SURGICAL TECHNOLOGY,matched,008594,PIONEER CORP,1,False,1,2010-08-03,2010-08-03,True,False,False,True,Devices,ct_dropped_device,1900,2099,CT device-sponsor list (conm: PIONEER CORP)
"PotNetwork Holdings, Inc.",POTNETWORK,matched,019751,POTNETWORK HOLDINGS INC,1,False,1,2019-03-28,2019-03-28,False,False,False,False,Food/Cosmetics,exact_normalized,1900,2099,
"Power Medical Interventions, Inc",POWER MEDICAL INTERVENTIONS,matched,178722,POWER MEDICAL INTERVENTIONS,1,False,1,2008-10-21,2008-10-21,True,False,False,True,Devices,exact_normalized,1900,2099,
"Procter & Gamble Manufacturing Mexico, S. de R.L. de C.V.",PROCTER AND GAMBLE MANUFACTURING MEXICO S DE R L DE C V,matched,008762,PROCTER & GAMBLE CO,1,True,1,2023-03-14,2023-03-14,False,True,False,True,Drugs,parent_prefix,1900,2099,parent prefix: PROCTER AND GAMBLE
"Professional Disposables International, Inc.",PROFESSIONAL DISPOSABLES,matched,023552,PROFESSIONAL HOLDING CORP,1,False,1,2022-01-07,2022-01-07,False,True,False,True,Drugs,ct_dropped_device,1900,2099,CT device-sponsor list (conm: PROFESSIONAL HOLDING CORP)
Prostar Inc.,PROSTAR,matched,183664,PROSTAR HOLDINGS INC,1,False,1,2011-05-19,2011-05-19,False,False,False,False,Food/Cosmetics,exact_normalized,1900,2099,
Purcell International,PURCELL,matched,008825,PURCELL CO INC,1,False,1,2024-11-05,2024-11-05,False,False,False,False,Food/Cosmetics,exact_normalized,1900,2099,
QUANTA INC,QUANTA,matched,034011,QUANTA INC,1,False,1,2023-04-19,2023-04-19,False,True,False,True,Drugs,exact_normalized,1900,2099,
QUANTA INC.,QUANTA,matched,034011,QUANTA INC,1,False,1,2023-04-19,2023-04-19,False,True,False,True,Drugs,exact_normalized,1900,2099,
"RTI Surgical, Inc.",RTI SURGICAL,resolved_unlisted_parent,,,1,False,2,2012-10-19,2017-11-08,False,False,True,True,Biologics,ct_override_windowed,1900,2099,Audit-suspect fuzzy: original mapping to gvkey 8918 (RTI INC) flagged unreliable; no manual rescue available -- left UNMAPPED
Radnostix,RADNOSTIX,matched,065280,RADNOSTIX INC,1,False,1,2011-10-26,2011-10-26,False,True,False,True,Drugs,exact_normalized,1900,2099,
Reser's Fine Foods Inc.,RESER S FINE FOODS,matched,009075,RESER'S FINE FOODS INC,1,False,1,2016-07-01,2016-07-01,False,False,False,False,Food/Cosmetics,exact_normalized,1900,2099,
"Reser's Fine Foods, Inc.",RESER S FINE FOODS,matched,009075,RESER'S FINE FOODS INC,1,False,1,2013-11-01,2013-11-01,False,False,False,False,Food/Cosmetics,exact_normalized,1900,2099,
Ridley USA Inc.,RIDLEY,matched,065238,RIDLEY INC,1,False,1,2017-08-03,2017-08-03,False,False,False,False,Veterinary,exact_normalized,1900,2099,
Riser Foods Company,RISER FOODS,matched,014792,RISER FOODS INC  -CL A,1,False,1,2013-05-22,2013-05-22,False,False,False,False,Food/Cosmetics,exact_normalized,1900,2099,
Rite Aid Corporation,RITE AID,matched,009155,RITE AID CORP,1,False,1,2022-10-19,2022-10-19,False,True,False,True,Drugs,exact_normalized,1900,2099,
Rowpar Pharmaceuticals,ROWPAR PHARMACEUTICALS,resolved_unlisted_parent,,,1,False,1,2020-12-18,2020-12-18,False,True,False,True,Drugs,ct_override_windowed,1900,2099,Audit-suspect fuzzy: original mapping to gvkey 28470 (RA PHARMACEUTICALS INC) flagged unreliable; no manual rescue available -- left UNMAPPED
"SOCIETAL CDMO SAN DIEGO, LLC",SOCIETAL CDMO SAN DIEGO,matched,019025,SOCIETAL CDMO INC,1,True,1,2010-08-23,2010-08-23,False,True,False,True,Drugs,parent_prefix,1900,2099,parent prefix: SOCIETAL CDMO
Salix Pharmaceuticals Inc,SALIX PHARMACEUTICALS,matched,062977,SALIX PHARMACEUTICALS LTD,1,True,1,2010-03-19,2010-03-19,False,True,False,True,Drugs,exact_normalized,1900,2099,
Sandoz Incorporated,SANDOZ,matched,043362,SANDOZ GROUP AG,1,True,1,2011-11-18,2011-11-18,False,True,False,True,Drugs,exact_normalized,1900,2099,
Sanofi Pasteur Limited,SANOFI PASTEUR,matched,101204,SANOFI,1,False,1,2012-07-12,2012-07-12,False,False,True,True,Biologics,ct_override_windowed,1900,2099,Sanofi vaccines division
Sarfez Pharmaceuticals Inc.,SARFEZ PHARMACEUTICALS,resolved_unlisted_parent,,,1,False,1,2025-04-25,2025-04-25,False,True,False,True,Drugs,ct_override_windowed,1900,2099,Audit-suspect fuzzy: original mapping to gvkey 28470 (RA PHARMACEUTICALS INC) flagged unreliable; no manual rescue available -- left UNMAPPED
"Scotty's, Inc.",SCOTTY S,matched,009522,SCOTTY'S INC,1,False,1,2009-11-09,2009-11-09,False,False,False,False,Food/Cosmetics,exact_normalized,1900,2099,
"Sea World, LLC",SEA WORLD,matched,009536,SEA WORLD INC,1,False,1,2012-05-02,2012-05-02,False,False,False,False,Food/Cosmetics,exact_normalized,1900,2099,
"Siemens Healthcare Diagnostics, Inc.",SIEMENS HEALTHCARE DIAGNOSTICS,matched,019349,SIEMENS AG,1,False,3,2012-05-10,2012-06-29,True,False,False,True,Devices,ct_dropped_device,1900,2099,CT device-sponsor list (conm: SIEMENS AG)
"Sientra, Inc",SIENTRA,matched,022037,SIENTRA INC,1,False,1,2019-03-18,2019-03-18,True,False,False,True,Devices,exact_normalized,1900,2099,
Sintx Technologies Inc,SINTX TECHNOLOGIES,matched,177981,SINTX TECHNOLOGIES INC,1,False,1,2009-01-27,2009-01-27,True,False,False,True,Devices,exact_normalized,1900,2099,
"Sky Medical Supplies and Equipments, LLC",SKY MEDICAL SUPPLIES AND EQUIPMENTS,resolved_unlisted_parent,,,1,False,1,2025-03-13,2025-03-13,True,False,False,True,Devices,ct_override_windowed,1900,2099,Audit-suspect fuzzy: original mapping to gvkey 31137 (SKY PLC) flagged unreliable; no manual rescue available -- left UNMAPPED
Smith & Nephew Inc.,SMITH AND NEPHEW,matched,101317,SMITH & NEPHEW PLC,1,True,1,2015-04-30,2015-04-30,True,False,False,True,Devices,exact_normalized,1900,2099,
Smith & Nephew Orthopaedics GmbH,SMITH AND NEPHEW ORTHOPAEDICS,matched,101317,SMITH & NEPHEW PLC,1,False,1,2010-12-21,2010-12-21,True,False,False,True,Devices,ct_dropped_device,1900,2099,CT device-sponsor list (conm: SMITH & NEPHEW PLC)
"Smith & Nephew, Inc.",SMITH AND NEPHEW,matched,101317,SMITH & NEPHEW PLC,1,True,1,2014-06-11,2014-06-11,True,False,False,True,Devices,exact_normalized,1900,2099,
SmithKline Beecham Limited,SMITHKLINE BEECHAM,matched,014261,SMITHKLINE BEECHAM (UK) PLC,1,False,2,2011-10-07,2016-06-30,False,True,False,True,Drugs,ct_fuzzy,1900,2099,"CT crosswalk (fuzzy_extended, score 100)"
"Snyder's Lance, Inc.",SNYDER S LANCE,matched,006574,SNYDERS-LANCE INC,1,False,1,2017-10-04,2017-10-04,False,False,False,False,Food/Cosmetics,exact_normalized,1900,2099,
Solta Medical Inc,SOLTA MEDICAL,matched,175913,SOLTA MEDICAL INC,1,False,1,2012-11-28,2012-11-28,True,False,False,True,Devices,ct_dropped_device,1900,2099,CT device-sponsor list (conm: SOLTA MEDICAL INC)
Spectranetics Corporation,SPECTRANETICS,matched,024853,SPECTRANETICS CORP,1,False,1,2016-05-23,2016-05-23,True,False,False,True,Devices,exact_normalized,1900,2099,
"Spinal Elements, Inc",SPINAL ELEMENTS,matched,037043,SPINAL ELEME HOLDI INC -REDH,1,False,1,2014-06-12,2014-06-12,True,False,False,True,Devices,exact_normalized,1900,2099,
"Sprout Pharmaceuticals, Inc",SPROUT PHARMACEUTICALS,resolved_unlisted_parent,,,1,False,2,2020-08-31,2025-05-29,False,True,False,True,Drugs,ct_override_windowed,1900,2099,Audit-suspect fuzzy: original mapping to gvkey 28470 (RA PHARMACEUTICALS INC) flagged unreliable; no manual rescue available -- left UNMAPPED
St. Jude Medical,ST JUDE MEDICAL,matched,009372,ST JUDE MEDICAL INC,1,False,3,2009-04-17,2015-09-30,True,False,False,True,Devices,exact_normalized,1900,2099,
Staar Surgical Company,STAAR SURGICAL,matched,009969,STAAR SURGICAL CO,1,False,1,2014-05-21,2014-05-21,True,False,False,True,Devices,exact_normalized,1900,2099,
Staples Inc.,STAPLES,matched,015521,STAPLES INC,1,False,1,2012-03-07,2012-03-07,False,False,False,False,Food/Cosmetics,exact_normalized,1900,2099,
Steris Corporation,STERIS,matched,025313,STERIS PLC,1,True,1,2011-02-09,2011-02-09,True,False,False,True,Devices,exact_normalized,1900,2099,
Stryker Corporation,STRYKER,matched,010115,STRYKER CORP,1,False,1,2013-03-06,2013-03-06,True,False,False,True,Devices,exact_normalized,1900,2099,
"Sumitomo Chemical Co., Ltd.",SUMITOMO CHEMICAL,matched,100689,SUMITOMO CHEMICAL CO LTD,1,False,1,2009-08-24,2009-08-24,False,True,False,True,Drugs,exact_normalized,1900,2099,
"Summer Infant, Inc.",SUMMER INFANT,matched,176874,SUMMER INFANT INC,1,False,1,2010-08-12,2010-08-12,True,False,False,True,Devices,exact_normalized,1900,2099,
Sunrise International Group,SUNRISE,matched,108397,SUNRISE INTL INC,1,False,1,2021-05-07,2021-05-07,False,False,False,False,Food/Cosmetics,exact_normalized,1900,2099,
"Symmetry Medical USA, Inc",SYMMETRY MEDICAL,matched,160600,SYMMETRY MEDICAL INC,1,False,1,2009-10-07,2009-10-07,True,False,False,True,Devices,exact_normalized,1900,2099,
"Symmetry Surgical, Inc.",SYMMETRY SURGICAL,matched,022330,SYMMETRY SURGICAL INC,1,False,1,2009-10-07,2009-10-07,True,False,False,True,Devices,exact_normalized,1900,2099,
SynCardia Systems LLC,SYNCARDIA SYSTEMS,resolved_unlisted_parent,,,1,False,1,2018-04-03,2018-04-03,True,False,False,True,Devices,ct_override_windowed,1900,2099,Audit-suspect fuzzy: original mapping to gvkey 25013 (PLC SYSTEMS INC) flagged unreliable; no manual rescue available -- left UNMAPPED
Synbiotics Limited,SYNBIOTICS,matched,010237,SYNBIOTICS CORP,1,True,1,2010-12-16,2010-12-16,False,True,False,True,Drugs,exact_normalized,1900,2099,
"Synergy Health Concepts, Inc.",SYNERGY HEALTH CONCEPTS,matched,014188,HEALTH CONCEPTS IV INC,1,False,1,2012-09-05,2012-09-05,True,False,False,True,Devices,ct_fuzzy,1900,2099,"CT crosswalk (fuzzy_extended, score 93)"
TELEMED,TELEMED,matched,010409,TELEMED CORP,1,False,1,2017-11-14,2017-11-14,True,False,False,True,Devices,exact_normalized,1900,2099,
TLC Vision Corporation,TLC VISION,matched,062465,TLC VISION CORP,1,False,1,2010-04-20,2010-04-20,True,False,False,True,Devices,exact_normalized,1900,2099,
TYRX Inc.,TYRX,resolved_unlisted_parent,,,1,False,1,2016-06-02,2016-06-02,True,False,False,True,Devices,ct_override_windowed,1900,2099,Audit-suspect fuzzy: original mapping to gvkey 163933 (TRX INC) flagged unreliable; no manual rescue available -- left UNMAPPED
Takeda Pharmaceutical Company Limited,TAKEDA PHARMACEUTICAL,matched,100718,TAKEDA PHARMACEUTICAL CO LTD,1,False,1,2020-06-10,2020-06-10,False,True,False,True,Drugs,exact_normalized,1900,2099,
Techtronic Industries (Dongguan) Co. Ltd.,TECHTRONIC INDUSTRIES DONGGUAN,matched,103409,TECHTRONIC INDUSTRIES CO LTD,1,True,2,2011-04-22,2011-04-22,True,False,False,True,Devices,parent_prefix,1900,2099,parent prefix: TECHTRONIC INDUSTRIES
Tercica,TERCICA,matched,156293,TERCICA INC,1,False,1,2010-11-02,2010-11-02,False,True,False,True,Drugs,exact_normalized,1900,2099,
Teva Pharmaceutical Industries,TEVA PHARMACEUTICAL INDUSTRIES,matched,014538,TEVA PHARMACEUTICALS,1,False,1,2011-01-31,2011-01-31,False,True,False,True,Drugs,exact_normalized,1900,2099,
"The Cherry Co., Ltd.",CHERRY,matched,002975,CHERRY CORP,1,True,1,2011-09-12,2011-09-12,False,False,False,False,Food/Cosmetics,exact_normalized,1900,2099,
The Coca-Cola Company,COCA COLA,matched,003144,COCA-COLA CO,1,False,1,2008-12-10,2008-12-10,False,False,False,False,Food/Cosmetics,exact_normalized,1900,2099,
"The Hain Celestial Group, Inc",HAIN CELESTIAL,matched,029609,HAIN CELESTIAL GROUP INC,1,False,1,2010-02-22,2010-02-22,False,False,False,False,Food/Cosmetics,exact_normalized,1900,2099,
"The Hain Celestial Group, Inc.",HAIN CELESTIAL,matched,029609,HAIN CELESTIAL GROUP INC,1,False,1,2010-12-03,2010-12-03,False,False,False,False,Food/Cosmetics,exact_normalized,1900,2099,
The Hershey Company,HERSHEY,matched,005597,HERSHEY CO,1,False,1,2012-02-14,2012-02-14,False,False,False,False,Food/Cosmetics,exact_normalized,1900,2099,
The Kroger Co.,KROGER,matched,006502,KROGER CO,1,False,1,2025-12-12,2025-12-12,False,False,False,False,Food/Cosmetics,exact_normalized,1900,2099,
"The Lennox International, Inc",LENNOX,matched,122380,LENNOX INTERNATIONAL INC,1,False,1,2020-09-29,2020-09-29,False,False,False,False,Veterinary,exact_normalized,1900,2099,
The Procter & Gamble Co.,PROCTER AND GAMBLE,matched,008762,PROCTER & GAMBLE CO,1,False,1,2009-10-29,2009-10-29,False,True,False,True,Drugs,exact_normalized,1900,2099,
The Quaker Oats Co.,QUAKER OATS,matched,008852,QUAKER OATS CO,1,False,1,2024-06-12,2024-06-12,False,False,False,False,Food/Cosmetics,exact_normalized,1900,2099,
"The Wellness Center Pharmacy, Inc., dba Designer Drugs",WELLNESS CENTER PHARMACY DESIGNER DRUGS,matched,170692,WELLNESS CENTER USA INC,1,True,1,2016-08-05,2016-08-05,False,True,False,True,Drugs,parent_prefix,1900,2099,parent prefix: WELLNESS CENTER
Thoratec LLC,THORATEC,matched,010550,THORATEC CORP,1,False,1,2012-01-03,2012-01-03,True,False,False,True,Devices,exact_normalized,1900,2099,
Torrent Pharmaceuticals Limited,TORRENT PHARMACEUTICALS,resolved_unlisted_parent,,,1,False,1,2019-10-08,2019-10-08,False,True,False,True,Drugs,ct_override_windowed,1900,2099,Indian; fixes fuzzy mismatch to GW PHARMACEUTICALS
"Town and Country Compounding and Consultation Services, LLC",TOWN AND COUNTRY COMPOUNDING AND CONSULTATION SERVICES,matched,010634,TOWN & COUNTRY CORP  -CL A,1,True,1,2017-10-17,2017-10-17,False,True,False,True,Drugs,parent_prefix,1900,2099,parent prefix: TOWN AND COUNTRY
Transonic Systems Inc,TRANSONIC SYSTEMS,resolved_unlisted_parent,,,1,False,1,2013-06-19,2013-06-19,True,False,False,True,Devices,ct_override_windowed,1900,2099,Audit-suspect fuzzy: original mapping to gvkey 25013 (PLC SYSTEMS INC) flagged unreliable; no manual rescue available -- left UNMAPPED
Tropic Trading Co.,TROPIC TRADING,matched,026120,TROPIC TRADING LTD,1,True,1,2021-12-06,2021-12-06,False,False,False,False,Food/Cosmetics,exact_normalized,1900,2099,
"US Foods, Inc.",FOODS,matched,018312,US FOODS HOLDING CORP,1,False,1,2013-06-04,2013-06-04,False,False,False,False,Food/Cosmetics,exact_normalized,1900,2099,
Us Lab Research,LAB RESEARCH,matched,175321,LAB RESEARCH INC,1,False,1,2009-01-06,2009-01-06,False,True,False,True,Drugs,exact_normalized,1900,2099,
"Varian Medical Systems, Inc.",VARIAN MEDICAL SYSTEMS,matched,011115,VARIAN MEDICAL SYSTEMS INC,1,False,1,2010-05-17,2010-05-17,True,False,False,True,Devices,exact_normalized,1900,2099,
Virbac Corporation,VIRBAC,matched,030451,VIRBAC CORP,1,False,2,2008-12-10,2015-12-18,False,False,False,False,Veterinary,exact_normalized,1900,2099,
"Vita Food Products, Inc.",VITA FOOD PRODUCTS,matched,064760,VITA FOOD PRODUCTS INC,1,False,1,2015-02-18,2015-02-18,False,False,False,False,Food/Cosmetics,exact_normalized,1900,2099,
"Vital Signs Devices, a GE Healthcare Company",VITAL SIGNS DEVICES A GE HEALTHCARE,matched,023088,VITAL SIGNS INC,1,True,1,2008-12-01,2008-12-01,True,False,False,True,Devices,parent_prefix,1900,2099,parent prefix: VITAL SIGNS
Vitality Products Company Inc.,VITALITY PRODUCTS,matched,108767,VITALITY PRODUCTS INC,1,False,1,2010-11-01,2010-11-01,False,False,False,False,Food/Cosmetics,exact_normalized,1900,2099,
"Vivos Therapeutics, Inc.",VIVOS THERAPEUTICS,matched,037290,VIVOS THERAPEUTICS INC,1,False,1,2018-01-12,2018-01-12,True,False,False,True,Devices,exact_normalized,1900,2099,
WESTMINSTER INTERNATIONAL,WESTMINSTER,matched,011438,WESTMINSTER CORP,1,False,1,2021-03-04,2021-03-04,True,False,False,True,Devices,exact_normalized,1900,2099,
Walmart Inc.,WALMART,matched,011259,WALMART INC,1,False,1,2025-12-12,2025-12-12,False,False,False,False,Food/Cosmetics,exact_normalized,1900,2099,
White Eagle Native Herbs,WHITE EAGLE NATIVE HERBS,matched,011468,WHITE EAGLE INTERNATIONAL,1,True,1,2020-05-14,2020-05-14,False,True,False,True,Drugs,parent_prefix,1900,2099,parent prefix: WHITE EAGLE
Whole Foods Market Group Inc.,WHOLE FOODS MARKET,matched,024893,WHOLE FOODS MARKET INC,1,False,1,2016-06-08,2016-06-08,False,False,False,False,Food/Cosmetics,exact_normalized,1900,2099,
"XTANT Medical Holdings, Inc",XTANT MEDICAL,matched,185193,XTANT MEDICAL HOLDINGS INC,1,False,2,2013-01-28,2013-01-28,True,False,False,True,Devices,exact_normalized,1900,2099,
Xanodyne Pharmaceuticals Inc,XANODYNE PHARMACEUTICALS,matched,179833,XANODYNE PHARMACEUTICLS-REDH,1,False,1,2009-03-30,2009-03-30,False,True,False,True,Drugs,exact_normalized,1900,2099,
ZOLL Medical Corporation,ZOLL MEDICAL,matched,025579,ZOLL MEDICAL CORP,1,False,3,2010-09-30,2026-04-30,True,False,False,True,Devices,exact_normalized,1900,2099,
"Zevex, Inc.",ZEVEX,matched,023387,ZEVEX INTERNATIONAL INC,1,False,1,2011-04-20,2011-04-20,True,False,False,True,Devices,exact_normalized,1900,2099,
Zoll Medical Corporation,ZOLL MEDICAL,matched,025579,ZOLL MEDICAL CORP,1,False,1,2010-02-05,2010-02-05,True,False,False,True,Devices,exact_normalized,1900,2099,
"Zynex Medical, Inc.",ZYNEX MEDICAL,matched,129441,ZYNEX INC,1,False,1,2014-06-27,2014-06-27,True,False,False,True,Devices,ct_dropped_device,1900,2099,CT device-sponsor list (conm: ZYNEX INC)
"bioMerieux, Inc.",BIOMERIEUX,matched,270578,BIOMERIEUX SA,1,True,1,2012-08-23,2012-08-23,True,False,False,True,Devices,exact_normalized,1900,2099,
"iRhythm Technologies, Inc.",IRHYTHM TECHNOLOGIES,matched,028367,IRHYTHM HOLDINGS INC,1,False,1,2023-05-25,2023-05-25,True,False,False,True,Devices,ct_fuzzy,1900,2099,"CT crosswalk (fuzzy_extended, score 100)"
"iSatori, Inc.",ISATORI,matched,171057,ISATORI INC,1,False,1,2012-04-24,2012-04-24,False,False,False,False,Food/Cosmetics,exact_normalized,1900,2099,
