company_name_fda,normalized_name,match_status,gvkey,company_name_compustat,n_gvkey_candidates,review_suggested,n_letters,any_device_letter
1 Stop Chicken Health Shop,1 STOP CHICKEN HEALTH SHOP,unmatched,,,0,False,1,False
10 Days Inc d/b/a Pod Juice,10 DAYS D B A POD JUICE,unmatched,,,0,False,1,False
10057223 Canada Inc. dba Maddog Juice,10057223 CANADA MADDOG JUICE,unmatched,,,0,False,1,False
13 Vapor Co LLC,13 VAPOR,unmatched,,,0,False,1,False
1st Phorm LLC,1ST PHORM,unmatched,,,0,False,1,False
"21 Century Smoking, Inc.",21 CENTURY SMOKING,unmatched,,,0,False,1,False
"2m Associates, Inc.",2M ASSOCIATES,unmatched,,,0,False,1,False
"3RD Day Nutraceuticals, LLC",3RD DAY NUTRACEUTICALS,unmatched,,,0,False,1,False
4U Health,4U HEALTH,unmatched,,,0,False,1,True
"5,000 Years Foods, Inc.",5 000 YEARS FOODS,unmatched,,,0,False,1,False
8OHM1 d/b/a Digital Smoke,8OHM1 D B A DIGITAL SMOKE,unmatched,,,0,False,1,False
9 South Vapes,9 SOUTH VAPES,unmatched,,,0,False,1,False
A TO Z Distributor Inc,A TO Z DISTRIBUTOR,unmatched,,,0,False,1,False
A-Z Tobacco Inc d/b/a A-Z Tobacco and Vapor,A Z TOBACCO D B A A Z TOBACCO AND VAPOR,unmatched,,,0,False,1,False
"AACE Pharmaceuticals, Inc.",AACE PHARMACEUTICALS,unmatched,,,0,False,1,False
ABR Laboratory LLC,ABR LABORATORY,unmatched,,,0,False,1,False
ADM Animal Nutrition,ADM ANIMAL NUTRITION,unmatched,,,0,False,1,False
"ALI Pharmaceutical Manufacturing, LLC",ALI PHARMACEUTICAL MANUFACTURING,unmatched,,,0,False,1,False
"ALVA-AMCO Pharmacal Companies, LLC",ALVA AMCO PHARMACAL COMPANIES,unmatched,,,0,False,1,False
"APG SEVEN, INC",APG SEVEN,unmatched,,,0,False,1,False
AT Vapors LLC,AT VAPORS,unmatched,,,0,False,1,False
ATL Vaping Inc.,ATL VAPING,unmatched,,,0,False,1,False
"Absolute Vapor Lounge, LLC",ABSOLUTE VAPOR LOUNGE,unmatched,,,0,False,1,False
"Accupack Midwest, Inc.",ACCUPACK MIDWEST,unmatched,,,0,False,1,False
"Aceva, LLC",ACEVA,unmatched,,,0,False,1,False
Acme Smoked Fish Corp.,ACME SMOKED FISH,unmatched,,,0,False,1,False
Acrostak Schweiz AG,ACROSTAK SCHWEIZ,unmatched,,,0,False,1,True
"Adamson Analytical Laboratories, Inc.",ADAMSON ANALYTICAL LABORATORIES,unmatched,,,0,False,1,False
"Advanced Nutriceuticals, LLC dba The Guyer Institute of Molecular Medicine",ADVANCED NUTRICEUTICALS GUYER INSTITUTE OF MOLECULAR MEDICINE,unmatched,,,0,False,1,False
Adventure Innovations LLC,ADVENTURE INNOVATIONS,unmatched,,,0,False,1,True
"Aerosol and Liquid Packaging, Inc.",AEROSOL AND LIQUID PACKAGING,unmatched,,,0,False,1,False
"Agena Bioscience, Inc.",AGENA BIOSCIENCE,unmatched,,,0,False,1,True
Agila Corporation dba Woody’s Pet Food Deli,AGILA WOODY S PET FOOD DELI,unmatched,,,0,False,1,False
"Akan Biosciences, Inc.",AKAN BIOSCIENCES,unmatched,,,0,False,1,False
Akron Formulations India Private Limited,AKRON FORMULATIONS INDIA PRIVATE,unmatched,,,0,False,1,False
Akshar Sales LLC,AKSHAR SALES,unmatched,,,0,False,1,False
Always Fresco LLC,ALWAYS FRESCO,unmatched,,,0,False,1,False
AmLion Toothpaste Mfg. Sdn. Bhd.,AMLION TOOTHPASTE MFG SDN BHD,unmatched,,,0,False,1,False
"AmWiner & Raphe Holdings, LLC dba rapheGenerics Corp",AMWINER AND RAPHE RAPHEGENERICS,unmatched,,,0,False,1,False
"Ambaya Gold Health Products, LLC",AMBAYA GOLD HEALTH PRODUCTS,unmatched,,,0,False,1,False
"American Chinese Natural Herbs, Inc.",AMERICAN CHINESE NATURAL HERBS,unmatched,,,0,False,1,False
"American Distribution and Manufacturing Co., LLC",AMERICAN DISTRIBUTION AND MANUFACTURING,unmatched,,,0,False,1,False
Amman Pharmaceutical Industries,AMMAN PHARMACEUTICAL INDUSTRIES,unmatched,,,0,False,1,False
Ammonia Sport Inc.,AMMONIA SPORT,unmatched,,,0,False,1,False
"Amnio Technology, LLC",AMNIO TECHNOLOGY,unmatched,,,0,False,1,False
"Amor Nino Foods, Inc.",AMOR NINO FOODS,unmatched,,,0,False,1,False
"Amore Produce, LLC",AMORE PRODUCE,unmatched,,,0,False,1,False
"Analytical Food Laboratories, Inc.",ANALYTICAL FOOD LABORATORIES,unmatched,,,0,False,1,False
"Angela M. Stupi, M.D.",ANGELA M STUPI M D,unmatched,,,0,False,1,False
Anglo Freight USA Inc.,ANGLO FREIGHT,unmatched,,,0,False,1,False
Anne’s Daye Ltd dba Tampon Innovations,ANNE S DAYE TAMPON INNOVATIONS,unmatched,,,0,False,1,True
Antaria Pty. Ltd.,ANTARIA PTY,unmatched,,,0,False,1,False
"Antonio E. Blanco, M.D./Vista Health Research, LLC",ANTONIO E BLANCO M D VISTA HEALTH RESEARCH,unmatched,,,0,False,1,False
"Apex Vape, Inc",APEX VAPE,unmatched,,,0,False,1,False
"Apollo Future Technology, Inc.",APOLLO FUTURE TECHNOLOGY,unmatched,,,0,False,1,False
"Apothecary Health Solutions/Right Value Drug Stores, LLC dba Carie Boyd's Prescription Shop",APOTHECARY HEALTH SOLUTIONS RIGHT VALUE DRUG STORES CARIE BOYD S PRESCRIPTION SHOP,unmatched,,,0,False,1,False
"Apothecary Pharma, LLC",APOTHECARY PHARMA,unmatched,,,0,False,1,False
Appleton City Feed Service LLC,APPLETON CITY FEED SERVICE,unmatched,,,0,False,1,False
"Applied Health Solutions, Inc.",APPLIED HEALTH SOLUTIONS,unmatched,,,0,False,1,False
Ar-Rahman Pharm LLC,AR RAHMAN PHARM,unmatched,,,0,False,1,False
"Ardent Animal Health, LLC",ARDENT ANIMAL HEALTH,unmatched,,,0,False,1,False
Ardil Comercial S.R.L.,ARDIL COMERCIAL S R L,unmatched,,,0,False,1,False
"AriBio H&B Co., Ltd.",ARIBIO H AND B,unmatched,,,0,False,1,False
Armstrong County Memorial Hospital,ARMSTRONG COUNTY MEMORIAL HOSPITAL,unmatched,,,0,False,1,False
"Aroma Imports, Inc.",AROMA IMPORTS,unmatched,,,0,False,1,False
Aromas Para El Alma S.A.,AROMAS PARA EL ALMA S A,unmatched,,,0,False,1,False
Artisan Vapor Company,ARTISAN VAPOR,unmatched,,,0,False,1,False
Aruba Aloe Balm N.V.,ARUBA ALOE BALM N V,unmatched,,,0,False,1,False
Aspen Aesthetics dba Fifty 410,ASPEN AESTHETICS FIFTY 410,unmatched,,,0,False,1,False
"Atlanta Supersource, Inc.",ATLANTA SUPERSOURCE,unmatched,,,0,False,1,False
Atomic Vapor,ATOMIC VAPOR,unmatched,,,0,False,1,False
"Augustine Temperature Management, LLC",AUGUSTINE TEMPERATURE MANAGEMENT,unmatched,,,0,False,1,True
Aurobindo Pharmaceutical Limited,AUROBINDO PHARMACEUTICAL,unmatched,,,0,False,1,False
Avalanche Distribution LLC d/b/a Avalanche Vapes,AVALANCHE DISTRIBUTION D B A AVALANCHE VAPES,unmatched,,,0,False,1,False
Avaria Health & Beauty Corp.,AVARIA HEALTH AND BEAUTY,unmatched,,,0,False,1,False
"Avertix Medical, Inc.",AVERTIX MEDICAL,unmatched,,,0,False,1,True
"Azurity Pharmaceuticals, Inc.",AZURITY PHARMACEUTICALS,unmatched,,,0,False,1,False
BAM Group LLC d/b/a VapEscape,BAM D B A VAPESCAPE,unmatched,,,0,False,1,False
BBC Group Limited,BBC,unmatched,,,0,False,1,False
"BC Food LA, LLC, DBA B & C Food Co.",BC FOOD LA B AND C FOOD,unmatched,,,0,False,1,False
"BFL Metal Products Co., LTD",BFL METAL PRODUCTS,unmatched,,,0,False,1,False
"BN Trading, Inc.",BN TRADING,unmatched,,,0,False,1,False
Badfish Drip Co,BADFISH DRIP,unmatched,,,0,False,1,False
Bakery Project Inc. dba Delano Bakery,BAKERY PROJECT DELANO BAKERY,unmatched,,,0,False,1,False
"Baldwin Richardson Foods Pennsauken, LLC",BALDWIN RICHARDSON FOODS PENNSAUKEN,unmatched,,,0,False,1,False
Ballistic Vape,BALLISTIC VAPE,unmatched,,,0,False,1,False
Banner Smoked Fish Inc.,BANNER SMOKED FISH,unmatched,,,0,False,1,False
Barcelona Nut Company Inc.,BARCELONA NUT,unmatched,,,0,False,1,False
Barkey GmbH & Co. KG,BARKEY AND KG,unmatched,,,0,False,1,True
"Barsotti Juice Company, Inc.",BARSOTTI JUICE,unmatched,,,0,False,1,False
Bartlett Cooperative Association Bartlett Feed Mill,BARTLETT COOPERATIVE ASSOCIATION BARTLETT FEED MILL,unmatched,,,0,False,1,False
"Battle Creek Co-op/CHS, LLC dba Progressive Nutrition",BATTLE CREEK OP CHS PROGRESSIVE NUTRITION,unmatched,,,0,False,1,False
"Beard Management Inc. d/b/a Beard Vape Co. d/b/a Lucky Bar Holdings, d/b/a Fifty Bar",BEARD MANAGEMENT D B A BEARD VAPE D B A LUCKY BAR D B A FIFTY BAR,unmatched,,,0,False,1,False
Beauty of Aztlan LLC,BEAUTY OF AZTLAN,unmatched,,,0,False,1,False
"Bell International Laboratories, Inc.",BELL LABORATORIES,unmatched,,,0,False,1,False
Bella Rosa Distribution Inc,BELLA ROSA DISTRIBUTION,unmatched,,,0,False,1,False
Belmont Eyecare LLC,BELMONT EYECARE,unmatched,,,0,False,1,False
"Berkeley Biologics, LLC, previously operating as Elutia, Inc. – Orthobiologics Business Unit, formerly Aziyo Biologics, Inc.",BERKELEY BIOLOGICS PREVIOUSLY OPERATING ELUTIA ORTHOBIOLOGICS BUSINESS UNIT FORMERLY AZIYO BIOLOGICS,unmatched,,,0,False,1,False
Best Vapes Store,BEST VAPES STORE,unmatched,,,0,False,1,False
Betone S.A. de C.V.,BETONE S A DE C V,unmatched,,,0,False,1,False
Better Vapes LLC,BETTER VAPES,unmatched,,,0,False,1,False
Bhargava Phytolab Private Limited,BHARGAVA PHYTOLAB PRIVATE,unmatched,,,0,False,1,False
BioAsia Worldwide Sdn Bhd,BIOASIA WORLDWIDE SDN BHD,unmatched,,,0,False,1,False
BioStem Life Sciences,BIOSTEM LIFE SCIENCES,unmatched,,,0,False,1,False
"Biomic Sciences, LLC dba ION Intelligence of Nature",BIOMIC SCIENCES ION INTELLIGENCE OF NATURE,unmatched,,,0,False,1,False
Bionateo Sp. z.o.o.,BIONATEO SP Z O O,unmatched,,,0,False,1,False
Biopolygen Corp.,BIOPOLYGEN,unmatched,,,0,False,1,True
Bioptimal International,BIOPTIMAL,unmatched,,,0,False,1,True
Biorica International Corp.,BIORICA,unmatched,,,0,False,1,False
Biosensors Interventional Technologies Pte Ltd,BIOSENSORS INTERVENTIONAL TECHNOLOGIES,unmatched,,,0,False,1,True
Black Hills Vapors LLC,BLACK HILLS VAPORS,unmatched,,,0,False,1,False
"Black Note, Inc.",BLACK NOTE,unmatched,,,0,False,1,False
Blackbeard Vapor LLC,BLACKBEARD VAPOR,unmatched,,,0,False,2,False
"Blackfly Investments, LLC dba Molecular® Testing Labs",BLACKFLY INVESTMENTS MOLECULAR TESTING LABS,unmatched,,,0,False,1,True
Bliv Wellness LLC dba Bliv,BLIV WELLNESS BLIV,unmatched,,,0,False,1,False
Blue Caribbean Foods Inc.,BLUE CARIBBEAN FOODS,unmatched,,,0,False,1,False
Blue Poppy Enterprises Inc,BLUE POPPY ENTERPRISES,unmatched,,,0,False,1,False
Blue Willow Biologics,BLUE WILLOW BIOLOGICS,unmatched,,,0,False,1,False
BluefitMD,BLUEFITMD,unmatched,,,0,False,1,False
Bodywell Natural Skin Care Inc.,BODYWELL NATURAL SKIN CARE,unmatched,,,0,False,1,False
Boehringer Ingelheim Animal Health USA,BOEHRINGER INGELHEIM ANIMAL HEALTH,unmatched,,,0,False,1,False
Bogart Enterprises LLC d/b/a The Vapor Shop,BOGART ENTERPRISES D B A VAPOR SHOP,unmatched,,,0,False,1,False
Bootstrap Runners LLC d/b/a Sinister Liquids,BOOTSTRAP RUNNERS D B A SINISTER LIQUIDS,unmatched,,,0,False,1,False
"Born Blessed Enterprises, LLC d/b/a One Stop Vape Shop",BORN BLESSED ENTERPRISES D B A ONE STOP VAPE SHOP,unmatched,,,0,False,1,False
Boss Vapes,BOSS VAPES,unmatched,,,0,False,1,False
Bradley Jaramillo LLC d/b/a Trinity Vapor Lounge,BRADLEY JARAMILLO D B A TRINITY VAPOR LOUNGE,unmatched,,,0,False,1,False
Brands International Corporation,BRANDS,unmatched,,,0,False,1,False
Breadbox Co.,BREADBOX,unmatched,,,0,False,1,False
Breeze Smoke Official,BREEZE SMOKE OFFICIAL,unmatched,,,0,False,1,False
"Brenntag Great Lakes, LLC",BRENNTAG GREAT LAKES,unmatched,,,0,False,1,False
"Bret R. Rutherford, M.D.",BRET R RUTHERFORD M D,unmatched,,,0,False,1,False
Brewing Market Coffee,BREWING MARKET COFFEE,unmatched,,,0,False,1,False
Brilliant Enterprises LLC,BRILLIANT ENTERPRISES,unmatched,,,0,False,1,False
"Bugatti Vape, LLC",BUGATTI VAPE,unmatched,,,0,False,1,False
Buku Vapor LLC,BUKU VAPOR,unmatched,,,0,False,1,False
By George Food Specialties Inc.,BY GEORGE FOOD SPECIALTIES,unmatched,,,0,False,1,False
C K Frozen Fish and Food Inc.,C K FROZEN FISH AND FOOD,unmatched,,,0,False,1,False
"C&T Dream Co., Ltd.",C AND T DREAM,unmatched,,,0,False,1,False
CES LLC,CES,unmatched,,,0,False,1,False
"COFISA - Conservas de Peixe da Figueira, S.A.",COFISA CONSERVAS DE PEIXE DA FIGUEIRA S A,unmatched,,,0,False,1,False
CSVAPE.COM LLC,CSVAPE COM,unmatched,,,0,False,1,False
Cajun Vapes LLC,CAJUN VAPES,unmatched,,,0,False,1,False
California Bread Co.,CALIFORNIA BREAD,unmatched,,,0,False,1,False
California Terra Garden Inc.,CALIFORNIA TERRA GARDEN,unmatched,,,0,False,1,False
California Veterinary Supply,CALIFORNIA VETERINARY SUPPLY,unmatched,,,0,False,1,False
CalmCo LLC previously named Ketomi LLC,CALMCO PREVIOUSLY NAMED KETOMI,unmatched,,,0,False,1,False
Candymar Produce Inc,CANDYMAR PRODUCE,unmatched,,,0,False,1,False
Captain's Cloth LLC,CAPTAIN S CLOTH,unmatched,,,0,False,1,True
"Carbon Fire, LLC",CARBON FIRE,unmatched,,,0,False,1,False
Caribbean Cloud Dot Com d/b/a Gorilla Vapes of Forest,CARIBBEAN CLOUD DOT COM D B A GORILLA VAPES OF FOREST,unmatched,,,0,False,1,False
Caribbean Cloud Dot Com d/b/a Gorilla Vapes of Philadelphia,CARIBBEAN CLOUD DOT COM D B A GORILLA VAPES OF PHILADELPHIA,unmatched,,,0,False,1,False
Cavevi Naturals LLC,CAVEVI NATURALS,unmatched,,,0,False,1,False
CellEra LLC,CELLERA,unmatched,,,0,False,1,True
"Cencal Vape, Inc.",CENCAL VAPE,unmatched,,,0,False,1,False
Center for Instrumental Analysis of China Pharmaceutical University,CENTER FOR INSTRUMENTAL ANALYSIS OF CHINA PHARMACEUTICAL UNIVERSITY,unmatched,,,0,False,1,False
"Central Admixture Pharmacy Services, Inc.",CENTRAL ADMIXTURE PHARMACY SERVICES,unmatched,,,0,False,2,False
Central Vapors and Central Vapors LLC,CENTRAL VAPORS AND CENTRAL VAPORS,unmatched,,,0,False,1,False
Cerci Kozmetik Ve Otel Ekipmanlari Pazarlama Ic Ve Dis Ticaret Limited Sirketi,CERCI KOZMETIK VE OTEL EKIPMANLARI PAZARLAMA IC VE DIS TICARET SIRKETI,unmatched,,,0,False,1,False
Chain Vapez LLC,CHAIN VAPEZ,unmatched,,,0,False,1,False
Chameleon Beverage Co. Inc. dba Chameleon Sanitizer Corporation,CHAMELEON BEVERAGE CHAMELEON SANITIZER,unmatched,,,0,False,1,False
"Chara Biologics, Inc.",CHARA BIOLOGICS,unmatched,,,0,False,1,False
Cheap MistHub,CHEAP MISTHUB,unmatched,,,0,False,1,False
"Chem-Tech, Ltd.",CHEM TECH,unmatched,,,0,False,1,False
Chemco Corporation,CHEMCO,unmatched,,,0,False,1,False
"Chengdu Innovation Pharmaceutical Co., Ltd.",CHENGDU INNOVATION PHARMACEUTICAL,unmatched,,,0,False,1,False
Chill6,CHILL6,unmatched,,,0,False,1,False
"Choice All Natural, Inc. dba Om Botanical",CHOICE ALL NATURAL OM BOTANICAL,unmatched,,,0,False,1,False
"Chongqing Tianrun Food Development Co., Ltd",CHONGQING TIANRUN FOOD DEVELOPMENT,unmatched,,,0,False,1,False
Chris Brown Vapes,CHRIS BROWN VAPES,unmatched,,,0,False,1,False
Chula Vista Imports Ltd.,CHULA VISTA IMPORTS,unmatched,,,0,False,1,False
Cipla Limited,CIPLA,unmatched,,,0,False,1,False
Citra100mg,CITRA100MG,unmatched,,,0,False,1,False
"CloudT3n, LLC d/b/a The Cloud",CLOUDT3N D B A CLOUD,unmatched,,,0,False,1,False
CloudXVapes Plus LLC d/b/a CloudXVapes,CLOUDXVAPES PLUS D B A CLOUDXVAPES,unmatched,,,0,False,1,False
Cohere Beauty,COHERE BEAUTY,unmatched,,,0,False,1,False
"Colgin, Inc.",COLGIN,unmatched,,,0,False,1,False
"Concord Farms, Inc.",CONCORD FARMS,unmatched,,,0,False,1,False
"Cookies-n-Milk, LLC",COOKIES N MILK,unmatched,,,0,False,1,False
Coombe Castle International Ltd.,COOMBE CASTLE,unmatched,,,0,False,1,False
Cooper Institute,COOPER INSTITUTE,unmatched,,,0,False,1,False
Cosmax NBT USA,COSMAX NBT,unmatched,,,0,False,1,False
"Cosmetic Specialty Labs, Inc.",COSMETIC SPECIALTY LABS,unmatched,,,0,False,1,False
"Cosmic Fog Vapors Operating Company, LLC",COSMIC FOG VAPORS OPERATING,unmatched,,,0,False,1,False
"Cosmo Bio Co., Ltd.",COSMO BIO,unmatched,,,0,False,1,False
Cosmobeauti Laboratories & Manufacturing Inc.,COSMOBEAUTI LABORATORIES AND MANUFACTURING,unmatched,,,0,False,1,False
Curtis Jacquot dba Pacific BioLogic Co.,CURTIS JACQUOT PACIFIC BIOLOGIC,unmatched,,,0,False,1,False
Custom Vapor Blends LLC,CUSTOM VAPOR BLENDS,unmatched,,,0,False,1,False
Custom Vapors LLC,CUSTOM VAPORS,unmatched,,,0,False,1,False
"Cyberliquids, LLC",CYBERLIQUIDS,unmatched,,,0,False,1,False
"D & C Beckley, Inc d/b/a Kickin’ Ash Vapors",D AND C BECKLEY D B A KICKIN ASH VAPORS,unmatched,,,0,False,1,False
"D & J Vapors, LLC-Horse Cave",D AND J VAPORS HORSE CAVE,unmatched,,,0,False,1,False
"D&C Beckley, Inc d/b/a Kickin’ Ash Vapors",D AND C BECKLEY D B A KICKIN ASH VAPORS,unmatched,,,0,False,1,False
"D&C Seafood, Inc",D AND C SEAFOOD,unmatched,,,0,False,1,False
DENTON VAPE SHOPPE,DENTON VAPE SHOPPE,unmatched,,,0,False,1,False
"DFW Vapor Holdings Inc. d/b/a Vapor Lakes, Inc.",DFW VAPOR D B A VAPOR LAKES,unmatched,,,0,False,1,False
DK Global Enterprises LLC d/b/a I Love Vape LLC / Matrix Wholesaler LLC,DK GLOBAL ENTERPRISES D B A I LOVE VAPE MATRIX WHOLESALER,unmatched,,,0,False,1,False
"DNA Distributors, Inc.",DNA DISTRIBUTORS,unmatched,,,0,False,1,False
DRG Instruments GmbH,DRG INSTRUMENTS,unmatched,,,0,False,1,True
"DSAART, LLC. dba Alpha Aesthetics",DSAART ALPHA AESTHETICS,unmatched,,,0,False,1,True
Daddy’s Vapor Distro Inc.,DADDY S VAPOR DISTRO,unmatched,,,0,False,1,False
Dalai Biotech Company Ltd,DALAI BIOTECH,unmatched,,,0,False,1,False
Dasada Group LLC,DASADA,unmatched,,,0,False,1,False
Databazaar.com,DATABAZAAR COM,unmatched,,,0,False,1,True
DeVilbiss Healthcare LLC,DEVILBISS HEALTHCARE,unmatched,,,0,False,1,True
Delsam Pharma LLC,DELSAM PHARMA,unmatched,,,0,False,1,False
Deluxe IV Aesthetics PLLC dba Deluxe IV and Aesthetics,DELUXE IV AESTHETICS PLLC DELUXE IV AND AESTHETICS,unmatched,,,0,False,1,False
Dental Technologies Inc.,DENTAL TECHNOLOGIES,unmatched,,,0,False,1,True
"Deqing Jiarou Daily Chemical Co., Ltd.",DEQING JIAROU DAILY CHEMICAL,unmatched,,,0,False,1,False
"DermaCare Biosciences, LTD.",DERMACARE BIOSCIENCES,unmatched,,,0,False,1,True
"Dermal Source, Inc.",DERMAL SOURCE,unmatched,,,0,False,1,False
Desert Vapors LLC,DESERT VAPORS,unmatched,,,0,False,1,False
"Dexterity Health, LLC DBA Zazzee Naturals",DEXTERITY HEALTH ZAZZEE NATURALS,unmatched,,,0,False,1,False
Dieselbycg-Hometown Vape Lounge,DIESELBYCG HOMETOWN VAPE LOUNGE,unmatched,,,0,False,1,False
Ding Tea Balboa,DING TEA BALBOA,unmatched,,,0,False,1,False
Diora Kimya Sanayi ve Ticaret Limited Sirketi,DIORA KIMYA SANAYI VE TICARET SIRKETI,unmatched,,,0,False,1,False
"Discover Health, LLC d/b/a Discover CBD and Strain Snobs",DISCOVER HEALTH D B A DISCOVER CBD AND STRAIN SNOBS,unmatched,,,0,False,1,False
Dispo Mode,DISPO MODE,unmatched,,,0,False,1,False
Disposable Vapes Wholesale,DISPOSABLE VAPES WHOLESALE,unmatched,,,0,False,1,False
Distinctive USA LLC,DISTINCTIVE,unmatched,,,0,False,1,False
"District Vape Supply, LLC d/b/a VapeMasterz",DISTRICT VAPE SUPPLY D B A VAPEMASTERZ,unmatched,,,0,False,1,False
Dominant Nutrition LLC formerly 8 Weeks Out Labs,DOMINANT NUTRITION FORMERLY 8 WEEKS OUT LABS,unmatched,,,0,False,1,False
"Dominant Vapor, LLC",DOMINANT VAPOR,unmatched,,,0,False,1,False
"DongBang Cosmetics Co., Ltd.",DONGBANG COSMETICS,unmatched,,,0,False,1,False
Dr Sankunni’s Ayurvedic Research Foundation Private Ltd.,DR SANKUNNI S AYURVEDIC RESEARCH FOUNDATION PRIVATE,unmatched,,,0,False,1,False
Dr. Berne’s Whole Health Products,DR BERNE S WHOLE HEALTH PRODUCTS,unmatched,,,0,False,1,False
"Dr. Thomas Polucki Upper Cervical Chiropractic, Inc.",DR THOMAS POLUCKI UPPER CERVICAL CHIROPRACTIC,unmatched,,,0,False,1,False
"Dr. Vape It, LLC",DR VAPE IT,unmatched,,,0,False,1,False
"Dream Wholesale, Inc",DREAM WHOLESALE,unmatched,,,0,False,1,False
Drippers Vape Lounge,DRIPPERS VAPE LOUNGE,unmatched,,,0,False,1,False
Dry Springs Pharmacy,DRY SPRINGS PHARMACY,unmatched,,,0,False,1,False
"Dulces La Mejor, LLC",DULCES LA MEJOR,unmatched,,,0,False,1,False
Duong Ha Processing Trading Seafood Company Limited,DUONG HA PROCESSING TRADING SEAFOOD,unmatched,,,0,False,1,False
E Cig Zone Inc,E CIG ZONE,unmatched,,,0,False,1,False
"E-Cig Central, LLC",E CIG CENTRAL,unmatched,,,0,False,1,False
E-Cig Innovation,E CIG INNOVATION,unmatched,,,0,False,1,False
E-Cig Mania LLC,E CIG MANIA,unmatched,,,0,False,1,False
E-Cig Vape Lounge LLP,E CIG VAPE LOUNGE,unmatched,,,0,False,1,False
"E-liquid Brands, LLC",E LIQUID BRANDS,unmatched,,,0,False,1,False
EBCREATE Store,EBCREATE STORE,unmatched,,,0,False,1,False
"ECI Pharmaceuticals, LLC",ECI PHARMACEUTICALS,unmatched,,,0,False,1,False
"ECIGRUSA LLC, d/b/a Worldwide Vape Distribution",ECIGRUSA D B A WORLDWIDE VAPE DISTRIBUTION,unmatched,,,0,False,1,False
EPD International S.R.O.,EPD S R O,unmatched,,,0,False,2,False
Ecig Charleston LLC,ECIG CHARLESTON,unmatched,,,0,False,3,False
"Eco Food Distribution, LLC",ECO FOOD DISTRIBUTION,unmatched,,,0,False,1,False
"Eden F&C Co., Ltd",EDEN F AND C,unmatched,,,0,False,1,False
"Edora Solutions, Inc d/b/a JoJo Vapes Brookville",EDORA SOLUTIONS D B A JOJO VAPES BROOKVILLE,unmatched,,,0,False,1,False
"Ehsan Sadri, M.D.",EHSAN SADRI M D,unmatched,,,0,False,1,False
"Ehy Holdings, LLC",EHY,unmatched,,,0,False,1,False
Einstein Vapes LLC,EINSTEIN VAPES,unmatched,,,0,False,1,False
El Rey USA Meats & Seafood Inc.,EL REY MEATS AND SEAFOOD,unmatched,,,0,False,1,False
Electric Smoke Vapor House,ELECTRIC SMOKE VAPOR HOUSE,unmatched,,,0,False,1,False
Elemental Herbs Inc. d/b/a ALL good,ELEMENTAL HERBS D B A ALL GOOD,unmatched,,,0,False,1,False
"Elite Brothers, LLC",ELITE BROTHERS,unmatched,,,0,False,1,False
Elite Vapes,ELITE VAPES,unmatched,,,0,False,1,False
Elk River Vapor Shop,ELK RIVER VAPOR SHOP,unmatched,,,0,False,1,False
"Embryll Life Sciences, Inc.",EMBRYLL LIFE SCIENCES,unmatched,,,0,False,1,False
Emerald's Triangle LLC,EMERALD S TRIANGLE,unmatched,,,0,False,1,False
"Empower Clinic Services, LLC dba Empower Pharmacy",EMPOWER CLINIC SERVICES EMPOWER PHARMACY,unmatched,,,0,False,1,False
"Energetic Essences, LLC dba Pet Essences",ENERGETIC ESSENCES PET ESSENCES,unmatched,,,0,False,1,False
EnviroServe Chemicals & Cleaners Ltd.,ENVIROSERVE CHEMICALS AND CLEANERS,unmatched,,,0,False,1,False
"Essential Research, LLC",ESSENTIAL RESEARCH,unmatched,,,0,False,1,False
Etomic LLC d/b/a Rogue Liquids,ETOMIC D B A ROGUE LIQUIDS,unmatched,,,0,False,1,False
Euro USA Inc,EURO,unmatched,,,0,False,1,False
Everymarket Inc.,EVERYMARKET,unmatched,,,0,False,1,False
Evolution Pets LLC,EVOLUTION PETS,unmatched,,,0,False,1,False
Evolutionary Biologics Inc.,EVOLUTIONARY BIOLOGICS,unmatched,,,0,False,1,False
"Exactech, Inc. dba Advita Ortho",EXACTECH ADVITA ORTHO,unmatched,,,0,False,1,True
Excelvision Fareva,EXCELVISION FAREVA,unmatched,,,0,False,1,False
Exotic Wholesale LLC,EXOTIC WHOLESALE,unmatched,,,0,False,1,False
EzriCare LLC,EZRICARE,unmatched,,,0,False,1,False
F1 Foods Inc. D/B/A Flavor First Foods Inc.,F1 FOODS D B A FLAVOR FIRST FOODS,unmatched,,,0,False,1,False
"FF Vapors, LLC",FF VAPORS,unmatched,,,0,False,1,False
"FLVRS US, Inc.",FLVRS,unmatched,,,0,False,1,False
"FMT Services, LLC",FMT SERVICES,unmatched,,,0,False,1,False
"FUNCOOL Technology Co., Limited d/b/a RAZ Vape",FUNCOOL TECHNOLOGY D B A RAZ VAPE,unmatched,,,0,False,1,False
"FVD Produce, LLC",FVD PRODUCE,unmatched,,,0,False,1,False
"Fagron Compounding Services, LLC dba Fagron Sterile Service",FAGRON COMPOUNDING SERVICES FAGRON STERILE SERVICE,unmatched,,,0,False,1,False
Fancy Drops Beauty LLC,FANCY DROPS BEAUTY,unmatched,,,0,False,1,False
Fantasia Distribution Inc.,FANTASIA DISTRIBUTION,unmatched,,,0,False,1,False
Fareva Morton Grove,FAREVA MORTON GROVE,unmatched,,,0,False,1,False
Farmakeio Outsourcing LLC,FARMAKEIO OUTSOURCING,unmatched,,,0,False,1,False
"Favorite Daughter, LLC d/b/a Phoenix Vapor Shop",FAVORITE DAUGHTER D B A PHOENIX VAPOR SHOP,unmatched,,,0,False,1,False
Fei Fah Medical Manufacturing Pte. Ltd.,FEI FAH MEDICAL MANUFACTURING,unmatched,,,0,False,1,False
Feng Foods Trading Inc.,FENG FOODS TRADING,unmatched,,,0,False,1,False
"Fibromyalgia Treatment Group - FTG, LLC",FIBROMYALGIA TREATMENT FTG,unmatched,,,0,False,1,False
Finest Ounce Vape Store d/b/a Finest Ounce Vape Malaysia,FINEST OUNCE VAPE STORE D B A FINEST OUNCE VAPE MALAYSIA,unmatched,,,0,False,1,False
"First Class Distribution, LLC d/b/a EJuice Store",FIRST CLASS DISTRIBUTION D B A EJUICE STORE,unmatched,,,0,False,1,False
"FirstCham Co., Ltd.",FIRSTCHAM,unmatched,,,0,False,1,False
FishMoxFishFlex/Simple Pet Health LLC,FISHMOXFISHFLEX SIMPLE PET HEALTH,unmatched,,,0,False,1,False
"FitRX, LLC dba FitRx",FITRX FITRX,unmatched,,,0,False,1,False
Fitsum Ghebremichael Amare,FITSUM GHEBREMICHAEL AMARE,unmatched,,,0,False,1,False
Flair Products LLC/Flair Vapor LLC,FLAIR PRODUCTS FLAIR VAPOR,unmatched,,,0,False,1,False
"Flawless Labs, Inc. d/b/a Flawless Vape Shop",FLAWLESS LABS D B A FLAWLESS VAPE SHOP,unmatched,,,0,False,1,False
Flowchem Pharma Private Limited,FLOWCHEM PHARMA PRIVATE,unmatched,,,0,False,1,False
Fly High Smoke Shop,FLY HIGH SMOKE SHOP,unmatched,,,0,False,1,False
FormPour,FORMPOUR,unmatched,,,0,False,1,False
Foundation Vapor LLC,FOUNDATION VAPOR,unmatched,,,0,False,1,False
Fresenius Kabi AG,FRESENIUS KABI,unmatched,,,0,False,1,True
"Frontier Biologics, LLC",FRONTIER BIOLOGICS,unmatched,,,0,False,1,False
"Frozen Wheels, LLC",FROZEN WHEELS,unmatched,,,0,False,1,False
Funny Vapes,FUNNY VAPES,unmatched,,,0,False,1,False
Furley Bioextracts SDN BHD,FURLEY BIOEXTRACTS SDN BHD,unmatched,,,0,False,1,False
Future Best Trading Inc.,FUTURE BEST TRADING,unmatched,,,0,False,1,False
Future Diagnostics Solutions B.V.,FUTURE DIAGNOSTICS SOLUTIONS B V,unmatched,,,0,False,1,True
"G.N.R. Group Co., LTD.",G N R,unmatched,,,0,False,1,False
"GCHNC LLC dba Hemp XR/Gate City Hemp dba Hemp XR/Allaziya Enterprises, LLC dba Hemp XR",GCHNC HEMP XR GATE CITY HEMP HEMP XR ALLAZIYA ENTERPRISES HEMP XR,unmatched,,,0,False,1,True
Gadal Laboratories Inc.,GADAL LABORATORIES,unmatched,,,0,False,1,False
Garcia Fresh Vegetables LLC,GARCIA FRESH VEGETABLES,unmatched,,,0,False,1,False
Garden Fresh Market,GARDEN FRESH MARKET,unmatched,,,0,False,1,False
General Vape,GENERAL VAPE,unmatched,,,0,False,1,False
Genesis Health International Inc. dba Genesis,GENESIS HEALTH GENESIS,unmatched,,,0,False,1,False
Genesis Nutrition Ultra Slim dba Genesis Ultra Slim,GENESIS NUTRITION ULTRA SLIM GENESIS ULTRA SLIM,unmatched,,,0,False,1,False
Genesis Partnership Company SA,GENESIS PARTNERSHIP,unmatched,,,0,False,1,False
Genpro Imports & Export Inc.,GENPRO IMPORTS AND EXPORT,unmatched,,,0,False,1,False
GeroNova Research Inc.,GERONOVA RESEARCH,unmatched,,,0,False,1,False
Getsmoke,GETSMOKE,unmatched,,,0,False,1,False
Gilster-Mary Lee Corporation,GILSTER MARY LEE,unmatched,,,0,False,1,False
"GlenVape, Inc",GLENVAPE,unmatched,,,0,False,1,False
Global Calcium Pvt. Limited,GLOBAL CALCIUM,unmatched,,,0,False,1,False
Global Cosmetics Company Limited,GLOBAL COSMETICS,unmatched,,,0,False,1,False
Global Life Technologies Corp.,GLOBAL LIFE TECHNOLOGIES,unmatched,,,0,False,1,False
Global Pharma Healthcare Private Limited,GLOBAL PHARMA HEALTHCARE PRIVATE,unmatched,,,0,False,1,False
Global Sanitizers LLC,GLOBAL SANITIZERS,unmatched,,,0,False,1,False
"Global Source Distribution, LLC",GLOBAL SOURCE DISTRIBUTION,unmatched,,,0,False,1,False
"Global Tobacco, LLC",GLOBAL TOBACCO,unmatched,,,0,False,1,False
Global Trade Bridge Corporation,GLOBAL TRADE BRIDGE,unmatched,,,0,False,1,False
Global Vapery LLC and Infinite Vapor LLC,GLOBAL VAPERY AND INFINITE VAPOR,unmatched,,,0,False,1,False
Gluten Free Remedies LLC,GLUTEN FREE REMEDIES,unmatched,,,0,False,1,False
Go Vapor LLC,GO VAPOR,unmatched,,,0,False,3,False
Golden Grains Bakery,GOLDEN GRAINS BAKERY,unmatched,,,0,False,1,False
"Golden Leaf, LLC d/b/a Golden Leaf Shop",GOLDEN LEAF D B A GOLDEN LEAF SHOP,unmatched,,,0,False,1,False
Golden Medal Mushroom Inc.,GOLDEN MEDAL MUSHROOM,unmatched,,,0,False,1,False
Golden Natural Products,GOLDEN NATURAL PRODUCTS,unmatched,,,0,False,1,False
Good Karma Cigar LLC,GOOD KARMA CIGAR,unmatched,,,0,False,1,False
Gorilla Vapes of East Brunswick,GORILLA VAPES OF EAST BRUNSWICK,unmatched,,,0,False,1,False
Gothic Vapor LLC,GOTHIC VAPOR,unmatched,,,0,False,1,False
Grace Supply Inc.,GRACE SUPPLY,unmatched,,,0,False,1,False
"Graceleigh, Inc. dba Sammy’s Milk",GRACELEIGH SAMMY S MILK,unmatched,,,0,False,1,False
Gram Peptides,GRAM PEPTIDES,unmatched,,,0,False,1,False
Great American Vapes Bossier City,GREAT AMERICAN VAPES BOSSIER CITY,unmatched,,,0,False,1,False
Great American Vapes Shreveport,GREAT AMERICAN VAPES SHREVEPORT,unmatched,,,0,False,1,False
Great Vapes,GREAT VAPES,unmatched,,,0,False,1,False
"Greco Gas, Inc.",GRECO GAS,unmatched,,,0,False,1,False
Green City Distribution,GREEN CITY DISTRIBUTION,unmatched,,,0,False,1,False
"Green Food Ingredients, LLC",GREEN FOOD INGREDIENTS,unmatched,,,0,False,1,False
"Green Rush, LLC d/b/a XHALE CITY",GREEN RUSH D B A XHALE CITY,unmatched,,,0,False,1,False
"GreenSmartLiving, Inc.",GREENSMARTLIVING,unmatched,,,0,False,1,False
"Greenwood Ice Cream, LLC",GREENWOOD ICE CREAM,unmatched,,,0,False,1,False
"Grow Gold Land, Inc.",GROW GOLD LAND,unmatched,,,0,False,1,False
Grupo Quimico SRL,GRUPO QUIMICO,unmatched,,,0,False,1,False
"GuangZhou YouXing Cosmetic Co., Ltd",GUANGZHOU YOUXING COSMETIC,unmatched,,,0,False,1,False
Guangdong Kemei Pharmaceutical Technology Co. Ltd.,GUANGDONG KEMEI PHARMACEUTICAL TECHNOLOGY,unmatched,,,0,False,1,False
"Guangzhou Huli Technology Co., Ltd. dba Fantasy Face",GUANGZHOU HULI TECHNOLOGY FANTASY FACE,unmatched,,,0,False,1,False
"Guangzhou Shiruoni Cosmetics Co., Ltd",GUANGZHOU SHIRUONI COSMETICS,unmatched,,,0,False,1,False
HDFrenchies LLC dba Bully Baum,HDFRENCHIES BULLY BAUM,unmatched,,,0,False,1,False
HK Produce Group Inc. DBA Y2S Trading Inc.,HK PRODUCE Y2S TRADING,unmatched,,,0,False,1,False
HRE Investments LLC d/b/a Vaporifics,HRE INVESTMENTS D B A VAPORIFICS,unmatched,,,0,False,3,False
"Hacienda Mexican Foods, LLC",HACIENDA MEXICAN FOODS,unmatched,,,0,False,1,False
Half Hill Farm Inc.,HALF HILL FARM,unmatched,,,0,False,1,False
"Handock Cosmetics Co., Ltd.",HANDOCK COSMETICS,unmatched,,,0,False,1,False
Hashtag Smoke Shop LLC,HASHTAG SMOKE SHOP,unmatched,,,0,False,1,False
Health Plus Inc.,HEALTH PLUS,unmatched,,,0,False,1,False
HealthMEDS Inc.,HEALTHMEDS,unmatched,,,0,False,1,False
"Healthtex Distributors, Inc.",HEALTHTEX DISTRIBUTORS,unmatched,,,0,False,1,False
Healthy Foods & Nutrition Lab de Mexico S.A. de C.V.,HEALTHY FOODS AND NUTRITION LAB DE MEXICO S A DE C V,unmatched,,,0,False,1,False
"Hekma Center, LLC",HEKMA CENTER,unmatched,,,0,False,1,False
Henan Lvyuan Pharmaceutical Co. Ltd.,HENAN LVYUAN PHARMACEUTICAL,unmatched,,,0,False,1,False
"Hi-Pro Feeds, LLC",HI PRO FEEDS,unmatched,,,0,False,1,False
HiggyCigs LLC d/b/a Viral Vapes,HIGGYCIGS D B A VIRAL VAPES,unmatched,,,0,False,1,False
"HiggyCigs, LLC d/b/a Viral Vapes",HIGGYCIGS D B A VIRAL VAPES,unmatched,,,0,False,2,False
HighFi Vape,HIGHFI VAPE,unmatched,,,0,False,1,False
"Higley Industries, Inc.",HIGLEY INDUSTRIES,unmatched,,,0,False,1,False
"Holistic Healer & Wellness Center, Inc.",HOLISTIC HEALER AND WELLNESS CENTER,unmatched,,,0,False,1,False
"Holographic Health, Inc.",HOLOGRAPHIC HEALTH,unmatched,,,0,False,1,False
HomeTown Vapor,HOMETOWN VAPOR,unmatched,,,0,False,1,False
Honest Living Vape Shoppe & Apothecary,HONEST LIVING VAPE SHOPPE AND APOTHECARY,unmatched,,,0,False,1,False
Hookies and Bookies,HOOKIES AND BOOKIES,unmatched,,,0,False,1,False
HotHead Vapor,HOTHEAD VAPOR,unmatched,,,0,False,2,False
Hotspot Vapes,HOTSPOT VAPES,unmatched,,,0,False,1,False
"Hubbly Bubbly LLC, d/b/a Trifecta Tobacco",HUBBLY BUBBLY D B A TRIFECTA TOBACCO,unmatched,,,0,False,1,False
"Hubei Kangzheng Pharmaceutical Co., Ltd.",HUBEI KANGZHENG PHARMACEUTICAL,unmatched,,,0,False,1,False
Huff Vape LLC d/b/a Huff Vape,HUFF VAPE D B A HUFF VAPE,unmatched,,,0,False,1,False
Human Microbes,HUMAN MICROBES,unmatched,,,0,False,1,False
"Hunan Gagazui Food Co., Ltd.",HUNAN GAGAZUI FOOD,unmatched,,,0,False,1,False
"Hygienic Labs, LLC",HYGIENIC LABS,unmatched,,,0,False,1,False
"ICA Health, LLC/Future Formulations, LLC",ICA HEALTH FUTURE FORMULATIONS,unmatched,,,0,False,1,False
INCELL Corporation LLC,INCELL,unmatched,,,0,False,1,False
"IOC Marketing, LLC d/b/a eCig Source",IOC MARKETING D B A ECIG SOURCE,unmatched,,,0,False,1,False
"ISOThrive, Inc.",ISOTHRIVE,unmatched,,,0,False,1,False
"ISPE Produce, Inc.",ISPE PRODUCE,unmatched,,,0,False,1,False
ITC Global Trading Inc.,ITC GLOBAL TRADING,unmatched,,,0,False,1,False
Ikal LLC,IKAL,unmatched,,,0,False,1,False
Illumivaption Inc. d/b/a Nashville Vapor,ILLUMIVAPTION D B A NASHVILLE VAPOR,unmatched,,,0,False,1,False
"Imperial Palace Commodity -Dongguan- Co., Ltd.",IMPERIAL PALACE COMMODITY DONGGUAN,unmatched,,,0,False,1,False
Imperial Vapors LLC,IMPERIAL VAPORS,unmatched,,,0,False,1,False
ImprimisRx NJ,IMPRIMISRX NJ,unmatched,,,0,False,1,False
Indelicare DBA INKEEZE,INDELICARE INKEEZE,unmatched,,,0,False,1,False
"Indian Groceries and Spices, Inc.",INDIAN GROCERIES AND SPICES,unmatched,,,0,False,1,False
Indiana Chem-Port,INDIANA CHEM PORT,unmatched,,,0,False,1,False
Indoco Remedies Limited,INDOCO REMEDIES,unmatched,,,0,False,1,False
"Induction Therapies, LLC",INDUCTION THERAPIES,unmatched,,,0,False,1,True
"Infusion Options, Inc.",INFUSION OPTIONS,unmatched,,,0,False,1,False
"Inmar Supply Chain Solutions, LLC",INMAR SUPPLY CHAIN SOLUTIONS,unmatched,,,0,False,1,False
"InnoMark, Inc.",INNOMARK,unmatched,,,0,False,1,False
"Innovative Formulations, LLC dba Insane Labz",INNOVATIVE FORMULATIONS INSANE LABZ,unmatched,,,0,False,1,False
Innoveix Pharmaceuticals Inc,INNOVEIX PHARMACEUTICALS,unmatched,,,0,False,1,False
Intas Pharmaceuticals Limited,INTAS PHARMACEUTICALS,unmatched,,,0,False,1,False
Intermarket Industries Inc. dba Doc Ackerman Pet Products,INTERMARKET INDUSTRIES DOC ACKERMAN PET PRODUCTS,unmatched,,,0,False,1,False
International Golden Foods Inc,GOLDEN FOODS,unmatched,,,0,False,1,False
International Laboratories Corp. Ltd.,LABORATORIES,unmatched,,,0,False,1,False
Invicta Sweden AB,INVICTA SWEDEN,unmatched,,,0,False,1,False
Iowa Egg Company Inc.,IOWA EGG,unmatched,,,0,False,1,False
"IsoTis OrthoBiologics, Inc.",ISOTIS ORTHOBIOLOGICS,unmatched,,,0,False,1,True
J-Vapor LLC dba North Shore Vapor,J VAPOR NORTH SHORE VAPOR,unmatched,,,0,False,1,False
J. Moniz Company Inc.,J MONIZ,unmatched,,,0,False,1,False
J.A.V.S Corp d/b/a Buitrago Cigars d/b/a Buitrago Vape Shop,J A V S D B A BUITRAGO CIGARS D B A BUITRAGO VAPE SHOP,unmatched,,,0,False,1,False
JBRANDS LLC,JBRANDS,unmatched,,,0,False,1,False
JD's Market Inc.,JD S MARKET,unmatched,,,0,False,1,False
JDVapour LLC d/b/a McVapour E-Cig’s & Novelties,JDVAPOUR D B A MCVAPOUR E CIG S AND NOVELTIES,unmatched,,,0,False,1,False
JJDS E Cigarettes LLC d/b/a TKO Vapor Overstock Ecigs & More,JJDS E CIGARETTES D B A TKO VAPOR OVERSTOCK ECIGS AND MORE,unmatched,,,0,False,1,False
JMJL Global LLC,JMJL GLOBAL,unmatched,,,0,False,1,False
JOCOR Enterprises LLC d/b/a VOLCANO eCigs,JOCOR ENTERPRISES D B A VOLCANO ECIGS,unmatched,,,0,False,1,False
JP Ventures LLC dba iVape,JP VENTURES IVAPE,unmatched,,,0,False,1,False
"JX Restaurants, Inc.",JX RESTAURANTS,unmatched,,,0,False,1,False
Jagsonpal Pharmaceuticals Limited,JAGSONPAL PHARMACEUTICALS,unmatched,,,0,False,1,False
Jai Guruji LLC d/b/a Vape Marley,JAI GURUJI D B A VAPE MARLEY,unmatched,,,0,False,1,False
"Jai Mundi, Inc. dba Kai’s Virgin Vapor",JAI MUNDI KAI S VIRGIN VAPOR,unmatched,,,0,False,1,False
Jams Vaporium,JAMS VAPORIUM,unmatched,,,0,False,1,False
"Jayde's Vapor Lounge, Inc",JAYDE S VAPOR LOUNGE,unmatched,,,0,False,1,False
Jayde’s Vapor Lounge,JAYDE S VAPOR LOUNGE,unmatched,,,0,False,1,False
Jiangsu Meifan Biotechnology Co. Ltd.,JIANGSU MEIFAN BIOTECHNOLOGY,unmatched,,,0,False,1,False
"Jiangsu Shenli Medical Production Co., Ltd.",JIANGSU SHENLI MEDICAL PRODUCTION,unmatched,,,0,False,1,True
"Jolca, S.A.",JOLCA S A,unmatched,,,0,False,1,False
"Jon B. Cole, MD",JON B COLE MD,unmatched,,,0,False,1,False
"Joseph A. Zadra, M.D.",JOSEPH A ZADRA M D,unmatched,,,0,False,1,False
"Juice Roll Upz, Inc.",JUICE ROLL UPZ,unmatched,,,0,False,1,False
JuiceFly LLC,JUICEFLY,unmatched,,,0,False,1,False
Jule's Foods,JULE S FOODS,unmatched,,,0,False,1,False
"Julio R. Flamini, M.D./Clinical Integrative Research Center of Atlanta",JULIO R FLAMINI M D CLINICAL INTEGRATIVE RESEARCH CENTER OF ATLANTA,unmatched,,,0,False,1,False
Juquilita Mexican Imports LLC,JUQUILITA MEXICAN IMPORTS,unmatched,,,0,False,1,False
"K & C Aitken, LLC dba Elysian Labs Distribution, Inc.",K AND C AITKEN ELYSIAN LABS DISTRIBUTION,unmatched,,,0,False,1,False
"K. Boeun Pharmaceutical Co., Ltd.",K BOEUN PHARMACEUTICAL,unmatched,,,0,False,1,False
K.C. Pharmaceuticals Inc.,K C PHARMACEUTICALS,unmatched,,,0,False,1,False
KC Vape LLC,KC VAPE,unmatched,,,0,False,1,False
"KL Labs, LLC, d/b/a Known Distro",KL LABS D B A KNOWN DISTRO,unmatched,,,0,False,1,False
Kabe Labortechnik GmbH,KABE LABORTECHNIK,unmatched,,,0,False,1,True
Kai’s Virgin Vapor,KAI S VIRGIN VAPOR,unmatched,,,0,False,1,False
"Kaleidoscope Custom Vapor Lounge, LLC",KALEIDOSCOPE CUSTOM VAPOR LOUNGE,unmatched,,,0,False,1,False
Kardesler Ucan Yaglar Sanayi Anonim Sirketi,KARDESLER UCAN YAGLAR SANAYI ANONIM SIRKETI,unmatched,,,0,False,1,False
Kari-Fresh LLC,KARI FRESH,unmatched,,,0,False,1,False
Kaylaan LLC,KAYLAAN,unmatched,,,0,False,1,False
"Kevin R. Bender, M.D./DBC Research Corporation",KEVIN R BENDER M D DBC RESEARCH,unmatched,,,0,False,1,False
Kilitch Healthcare India Limited,KILITCH HEALTHCARE INDIA,unmatched,,,0,False,1,False
Kim Nhung Marketplace Inc,KIM NHUNG MARKETPLACE,unmatched,,,0,False,1,False
"King Systems Corp. dba Ambu, Inc.",KING SYSTEMS AMBU,unmatched,,,0,False,1,True
Kings of Vapor,KINGS OF VAPOR,unmatched,,,0,False,1,False
"Kloc Vapor, LLC d/b/a The Vapor Edge",KLOC VAPOR D B A VAPOR EDGE,unmatched,,,0,False,1,False
"Knickerbocker 365, Inc.",KNICKERBOCKER 365,unmatched,,,0,False,1,False
Knobbe Cattle Company Inc.,KNOBBE CATTLE,unmatched,,,0,False,1,False
"Kobayashi Healthcare International, Inc.",KOBAYASHI HEALTHCARE,unmatched,,,0,False,1,False
Kokomo Pure Vapors LLC,KOKOMO PURE VAPORS,unmatched,,,0,False,1,False
"Korean Food, Inc.",KOREAN FOOD,unmatched,,,0,False,1,False
Kuegel Enterprise LLC d/b/a America's Choice E-Cigarettes,KUEGEL ENTERPRISE D B A AMERICA S CHOICE E CIGARETTES,unmatched,,,0,False,1,False
Kure CBD & Vape,KURE CBD AND VAPE,unmatched,,,0,False,3,False
LA-ROYAL INC,LA ROYAL,unmatched,,,0,False,1,False
LEEL Tech,LEEL TECH,unmatched,,,0,False,1,True
La Sucursal Produce Inc.,LA SUCURSAL PRODUCE,unmatched,,,0,False,1,False
Laboratorio Pharma International SRL,LABORATORIO PHARMA,unmatched,,,0,False,1,False
"Lacteos Mi Chalatenango, Inc.",LACTEOS MI CHALATENANGO,unmatched,,,0,False,1,False
Lady Boss Vapor Inc.,LADY BOSS VAPOR,unmatched,,,0,False,1,False
"Lake June Business, Inc. d/b/a ZennVapes Wholesale and Distribution",LAKE JUNE BUSINESS D B A ZENNVAPES WHOLESALE AND DISTRIBUTION,unmatched,,,0,False,1,False
"Lathem Family Farms, Inc.",LATHEM FAMILY FARMS,unmatched,,,0,False,1,False
Latro Inc.,LATRO,unmatched,,,0,False,1,False
"Lauren R. Klein, MD, M.S.",LAUREN R KLEIN MD M S,unmatched,,,0,False,1,False
"Lepu Medical Technology -Beijing- Co., Ltd.",LEPU MEDICAL TECHNOLOGY BEIJING,unmatched,,,0,False,1,True
Les Importations Herbasanté Inc.,LES IMPORTATIONS HERBASANT,unmatched,,,0,False,1,False
Lewiston Feed & Produce Company,LEWISTON FEED AND PRODUCE,unmatched,,,0,False,1,False
Liberty Fruit Co. Inc. DBA Carol’s Cuts,LIBERTY FRUIT CAROL S CUTS,unmatched,,,0,False,1,False
Life Plus Style Gourmet LLC,LIFE PLUS STYLE GOURMET,unmatched,,,0,False,1,False
LightEyez Limited,LIGHTEYEZ,unmatched,,,0,False,1,False
"Limpo Quimicos, SA de CV",LIMPO QUIMICOS DE CV,unmatched,,,0,False,1,False
Lingkey Co. Ltd. d/b/a Vape Hammer,LINGKEY D B A VAPE HAMMER,unmatched,,,0,False,1,False
"Lipari Foods Operating Company, LLC",LIPARI FOODS OPERATING,unmatched,,,0,False,1,False
Liquid Nics LLC,LIQUID NICS,unmatched,,,0,False,2,False
"Liquid Vapor Lounge, LLC",LIQUID VAPOR LOUNGE,unmatched,,,0,False,1,False
"Litehouse, Inc.",LITEHOUSE,unmatched,,,0,False,1,False
Live Good Inc.,LIVE GOOD,unmatched,,,0,False,1,False
"Living Tree Community Foods, Inc.",LIVING TREE COMMUNITY FOODS,unmatched,,,0,False,1,False
Lizard Juice LLC d/b/a New Age Distribution,LIZARD JUICE D B A NEW AGE DISTRIBUTION,unmatched,,,0,False,1,False
Local Legends Distribution LLC,LOCAL LEGENDS DISTRIBUTION,unmatched,,,0,False,1,False
Lone Pine Farm,LONE PINE FARM,unmatched,,,0,False,1,False
Longhorn Vaccines and Diagnostics LLC,LONGHORN VACCINES AND DIAGNOSTICS,unmatched,,,0,False,1,True
Lovega LLC dba Pink Pony Peptides,LOVEGA PINK PONY PEPTIDES,unmatched,,,0,False,1,False
"Loveli Design, LLC d/b/a Alice in Vapeland",LOVELI DESIGN D B A ALICE IN VAPELAND,unmatched,,,0,False,1,False
"Lucky K.T. Co., Inc.",LUCKY K T,unmatched,,,0,False,1,False
Lulu’s Mini Market LLC dba Rubii Smoke Shop,LULU S MINI MARKET RUBII SMOKE SHOP,unmatched,,,0,False,1,False
Lynda's Legacy LLC,LYNDA S LEGACY,unmatched,,,0,False,1,False
"Lysulin, Inc.",LYSULIN,unmatched,,,0,False,1,False
"MB Solutions, LLC/BioSpectrum CBD",MB SOLUTIONS BIOSPECTRUM CBD,unmatched,,,0,False,1,False
"MJ Asset Holdings, LLC d/b/a Marco's Vapor",MJ ASSET D B A MARCO S VAPOR,unmatched,,,0,False,1,False
MR FOG d/b/a MR FOG Officials,MR FOG D B A MR FOG OFFICIALS,unmatched,,,0,False,1,False
MadTown Vapor LLC,MADTOWN VAPOR,unmatched,,,0,False,1,False
Madhu Instruments Private Limited,MADHU INSTRUMENTS PRIVATE,unmatched,,,0,False,1,False
Madvapes Vape Shop,MADVAPES VAPE SHOP,unmatched,,,0,False,1,False
"Magnolia Medical Technologies, Inc.",MAGNOLIA MEDICAL TECHNOLOGIES,unmatched,,,0,False,1,True
Maitland Labs of Central Florida,MAITLAND LABS OF CENTRAL FLORIDA,unmatched,,,0,False,1,False
Malicious Liquids Inc.,MALICIOUS LIQUIDS,unmatched,,,0,False,1,False
Maquiladora Miniara SA de CV,MAQUILADORA MINIARA DE CV,unmatched,,,0,False,1,False
Marci Beauty LLC,MARCI BEAUTY,unmatched,,,0,False,1,True
"Marcus Research Laboratory, Inc.",MARCUS RESEARCH LABORATORY,unmatched,,,0,False,1,False
"Maria W. Greenwald, M.D.",MARIA W GREENWALD M D,unmatched,,,0,False,1,False
"Maribel's Sweets, Inc.",MARIBEL S SWEETS,unmatched,,,0,False,1,False
Mario Hidalgo DBA Distribuidora de Productos Alimenticios El Paisita,MARIO HIDALGO DISTRIBUIDORA DE PRODUCTOS ALIMENTICIOS EL PAISITA,unmatched,,,0,False,1,False
Mariscos Procesados - CAMPRESA - S.A.,MARISCOS PROCESADOS CAMPRESA S A,unmatched,,,0,False,1,False
Marshalls Traditional Healthcare CC,MARSHALLS TRADITIONAL HEALTHCARE CC,unmatched,,,0,False,1,False
Massive Vapor,MASSIVE VAPOR,unmatched,,,0,False,1,False
Master Paints & Chemicals Corp.,MASTER PAINTS AND CHEMICALS,unmatched,,,0,False,1,False
Master Sales LLC,MASTER SALES,unmatched,,,0,False,1,False
Matthew 7:25 Inc dba Thrive Pharmacy,MATTHEW 7 25 THRIVE PHARMACY,unmatched,,,0,False,1,False
"McDaniel Water, LLC",MCDANIEL WATER,unmatched,,,0,False,1,False
McElroy Imports,MCELROY IMPORTS,unmatched,,,0,False,1,False
MedOffice Saglik Endustri Anonim Sirketi,MEDOFFICE SAGLIK ENDUSTRI ANONIM SIRKETI,unmatched,,,0,False,1,False
"Medical Products Laboratories, Inc.",MEDICAL PRODUCTS LABORATORIES,unmatched,,,0,False,1,False
"Meditco, Inc. D.B.A. Phoenicia Specialty Foods",MEDITCO D B A PHOENICIA SPECIALTY FOODS,unmatched,,,0,False,1,False
"Meds For Vets, LLC",MEDS FOR VETS,unmatched,,,0,False,1,False
"Melanie M. Hoppers, M.D./Physicians Quality Care",MELANIE M HOPPERS M D PHYSICIANS QUALITY CARE,unmatched,,,0,False,1,False
Mery Vape,MERY VAPE,unmatched,,,0,False,1,False
Metamune Inc,METAMUNE,unmatched,,,0,False,1,False
MexHealth LLC d/b/a Al Natural E-Shop,MEXHEALTH D B A AL NATURAL E SHOP,unmatched,,,0,False,1,False
Micro-X Ltd.,MICRO X,unmatched,,,0,False,1,True
"Microbiological Testing & Consulting, LLC",MICROBIOLOGICAL TESTING AND CONSULTING,unmatched,,,0,False,1,False
"Microspecialties, LLC",MICROSPECIALTIES,unmatched,,,0,False,1,True
"Mid-Link Testing Company, Ltd",MID LINK TESTING,unmatched,,,0,False,1,True
Midnight Vapors Corp.,MIDNIGHT VAPORS,unmatched,,,0,False,1,False
"Midwest Goods Inc., d/b/a Midwest Distribution and Midwest Distribution Illinois",MIDWEST GOODS D B A MIDWEST DISTRIBUTION AND MIDWEST DISTRIBUTION ILLINOIS,unmatched,,,0,False,1,False
"Mihon Corp. d/b/a VitalityVita and Boulla, LLC",MIHON D B A VITALITYVITA AND BOULLA,unmatched,,,0,False,1,False
Mile High Compounds LLC,MILE HIGH COMPOUNDS,unmatched,,,0,False,1,False
Ming Fai Industrial Co LTD,MING FAI INDUSTRIAL,unmatched,,,0,False,1,True
Mini Cup Vape,MINI CUP VAPE,unmatched,,,0,False,1,False
Missouri Analytical Laboratories Inc,MISSOURI ANALYTICAL LABORATORIES,unmatched,,,0,False,1,False
"Miyajima Shoyu Co., Ltd.",MIYAJIMA SHOYU,unmatched,,,0,False,1,False
Mochivap,MOCHIVAP,unmatched,,,0,False,1,False
"Modern Smoking Solutions, LLC",MODERN SMOKING SOLUTIONS,unmatched,,,0,False,1,False
Moises Gardea,MOISES GARDEA,unmatched,,,0,False,1,False
"Molino Enterprises One, Inc.",MOLINO ENTERPRISES ONE,unmatched,,,0,False,1,False
"MolluscumRx, Inc.",MOLLUSCUMRX,unmatched,,,0,False,1,False
Molluscumaway LLC,MOLLUSCUMAWAY,unmatched,,,0,False,1,False
Mom and Pop Vapor Shop,MOM AND POP VAPOR SHOP,unmatched,,,0,False,1,False
Morevaping,MOREVAPING,unmatched,,,0,False,1,False
"Mother Stem Institute, Corp.",MOTHER STEM INSTITUTE,unmatched,,,0,False,1,False
Mountain Oak Vapors LLC,MOUNTAIN OAK VAPORS,unmatched,,,0,False,1,False
Mr Fog Switch,MR FOG SWITCH,unmatched,,,0,False,1,False
Multaler et Cie SAS,MULTALER ET CIE SAS,unmatched,,,0,False,1,False
My Vapor Den DBA Nu Age Smoke & Vape,MY VAPOR DEN NU AGE SMOKE AND VAPE,unmatched,,,0,False,1,False
My Vpro,MY VPRO,unmatched,,,0,False,1,False
"NFV, LLC d/b/a NFDVapes and Nic Fix Doctor",NFV D B A NFDVAPES AND NIC FIX DOCTOR,unmatched,,,0,False,1,False
"NSE Products, Inc. DBA Nu Skin Enterprises, Inc.",NSE PRODUCTS NU SKIN ENTERPRISES,unmatched,,,0,False,1,False
"NV Nutrition, LLC",NUTRITION,unmatched,,,0,False,1,False
NWL Netherlands Services B.V.,NWL NETHERLANDS SERVICES B V,unmatched,,,0,False,1,False
"Nanomateriales Químicos Avanzados, S.A. de C.V.",NANOMATERIALES QU MICOS AVANZADOS S A DE C V,unmatched,,,0,False,1,False
"Nantong Furuida Packaging Products Co., Ltd.",NANTONG FURUIDA PACKAGING PRODUCTS,unmatched,,,0,False,1,False
Natco Pharma Limited,NATCO PHARMA,unmatched,,,0,False,1,False
National Chemical Laboratories,NATIONAL CHEMICAL LABORATORIES,unmatched,,,0,False,1,False
Native Salts LLC,NATIVE SALTS,unmatched,,,0,False,1,False
Natural Relief Inc.,NATURAL RELIEF,unmatched,,,0,False,1,False
"Natures Pillows, Inc. and Top Dog Direct, LLC",NATURES PILLOWS AND TOP DOG DIRECT,unmatched,,,0,False,1,True
"Nature’s Innovation, Inc.",NATURE S INNOVATION,unmatched,,,0,False,1,False
"Natuzen Co., Ltd.",NATUZEN,unmatched,,,0,False,1,False
"NeuroSync, Inc.",NEUROSYNC,unmatched,,,0,False,1,True
"New Earth Healing Essentials, LLC d/b/a 5D Full Disclosure",NEW EARTH HEALING ESSENTIALS D B A 5D FULL DISCLOSURE,unmatched,,,0,False,1,False
"New Green Nutrition, Inc.",NEW GREEN NUTRITION,unmatched,,,0,False,1,False
"New India Bazar, Inc.",NEW INDIA BAZAR,unmatched,,,0,False,1,False
New York Nutrition Company / American Metabolix,NEW YORK NUTRITION AMERICAN METABOLIX,unmatched,,,0,False,1,False
New York State Psychiatric Institute IRB,NEW YORK STATE PSYCHIATRIC INSTITUTE IRB,unmatched,,,0,False,1,False
Nexus Smoke,NEXUS SMOKE,unmatched,,,0,False,1,False
Ng Zheng Inc. DBA Kwan Sang Noodle Company,NG ZHENG KWAN SANG NOODLE,unmatched,,,0,False,1,False
"Nic Nac Naturals, LLC",NIC NAC NATURALS,unmatched,,,0,False,1,False
Nico Choice LLC,NICO CHOICE,unmatched,,,0,False,1,False
Ningbo Poplar Daily-Use,NINGBO POPLAR DAILY USE,unmatched,,,0,False,1,False
"Nobles Medical Technology II, Inc.",NOBLES MEDICAL TECHNOLOGY II,unmatched,,,0,False,1,True
Nomida.biz,NOMIDA BIZ,unmatched,,,0,False,1,False
North Disposable,NORTH DISPOSABLE,unmatched,,,0,False,1,False
Northland Vapor Company,NORTHLAND VAPOR,unmatched,,,0,False,1,False
"Notarika, S.A. de C.V.",NOTARIKA S A DE C V,unmatched,,,0,False,1,False
"Novid Group, Inc.",NOVID,unmatched,,,0,False,1,False
Novo Nordisk Inc.,NOVO NORDISK,unmatched,,,0,False,1,False
"Nu Distributions, LLC d/b/a Vapeszn",NU DISTRIBUTIONS D B A VAPESZN,unmatched,,,0,False,1,False
"Nubilus Vapor, LLC",NUBILUS VAPOR,unmatched,,,0,False,1,False
"Nutra Blend, LLC subsidiary of Land O’Lakes",NUTRA BLEND SUBSIDIARY OF LAND O LAKES,unmatched,,,0,False,1,False
Nutrition Strength Ltd.,NUTRITION STRENGTH,unmatched,,,0,False,1,False
Nuturna International LLC,NUTURNA,unmatched,,,0,False,1,False
Nuvo Silver Inc.,NUVO SILVER,unmatched,,,0,False,1,False
Nyumbani Hakuna Matata LLC,NYUMBANI HAKUNA MATATA,unmatched,,,0,False,1,False
OFP Ingredients LLC,OFP INGREDIENTS,unmatched,,,0,False,1,False
"OKC Vapes, LLC",OKC VAPES,unmatched,,,0,False,1,False
Ocean Group Inc.,OCEAN,unmatched,,,0,False,2,False
Ohm Centric Coils LLC,OHM CENTRIC COILS,unmatched,,,0,False,1,False
Omni Lens Pvt. Ltd.,OMNI LENS,unmatched,,,0,False,1,False
"Online Guru, LLC d/b/a Vapor Puffs",ONLINE GURU D B A VAPOR PUFFS,unmatched,,,0,False,1,False
Online Rx Medz,ONLINE RX MEDZ,unmatched,,,0,False,1,False
"Onofrio's Fresh Cut, Inc.",ONOFRIO S FRESH CUT,unmatched,,,0,False,1,False
"Optikem International, Inc.",OPTIKEM,unmatched,,,0,False,1,True
Orean Personal Care Ltd.,OREAN PERSONAL CARE,unmatched,,,0,False,1,False
Organa International Corp.,ORGANA,unmatched,,,0,False,1,False
Originitalia SRL,ORIGINITALIA,unmatched,,,0,False,1,False
Ostar Beauty Sci-Tech Co Ltd.,OSTAR BEAUTY SCI TECH,unmatched,,,0,False,1,True
"Owens & Minor, Inc. dba American Contract Systems, Inc.",OWENS AND MINOR AMERICAN CONTRACT SYSTEMS,unmatched,,,0,False,1,True
"Owlet Baby Care, Inc.",OWLET BABY CARE,unmatched,,,0,False,1,True
Ozempen.com,OZEMPEN COM,unmatched,,,0,False,1,False
P.T. Sankei Medical Industries,P T SANKEI MEDICAL INDUSTRIES,unmatched,,,0,False,1,True
PWJ Mart Corp d/b/a Puff Joy,PWJ MART D B A PUFF JOY,unmatched,,,0,False,1,False
Packs Pod,PACKS POD,unmatched,,,0,False,1,False
Pairon Solutions LLC,PAIRON SOLUTIONS,unmatched,,,0,False,1,True
Pamirs Group Limited d/b/a VapeCig Wholesale,PAMIRS D B A VAPECIG WHOLESALE,unmatched,,,0,False,1,False
Parallel Direct LLC d/b/a The Magic Mist,PARALLEL DIRECT D B A MAGIC MIST,unmatched,,,0,False,1,False
Paso Real Produce LLC,PASO REAL PRODUCE,unmatched,,,0,False,1,False
Patcos Cosmetics Pvt. Ltd.,PATCOS COSMETICS,unmatched,,,0,False,1,False
PekCura Labs,PEKCURA LABS,unmatched,,,0,False,1,False
Perfect Vape LLC,PERFECT VAPE,unmatched,,,0,False,1,False
"Perfection Bakeries Inc., dba Aunt Millie’s Bakeries",PERFECTION BAKERIES AUNT MILLIE S BAKERIES,unmatched,,,0,False,1,False
Pharmacy2Home/LandiCom Holding LTD,PHARMACY2HOME LANDICOM,unmatched,,,0,False,1,False
Pharmaganics LLC,PHARMAGANICS,unmatched,,,0,False,1,False
"Phillips Precision, Inc.",PHILLIPS PRECISION,unmatched,,,0,False,1,True
"Physitemp Instruments, LLC",PHYSITEMP INSTRUMENTS,unmatched,,,0,False,1,True
Phytag Labs,PHYTAG LABS,unmatched,,,0,False,1,False
Picket Fence Creamery LLC,PICKET FENCE CREAMERY,unmatched,,,0,False,1,False
"Pingdingshan Tianjing Plant Albumen Co., Ltd.",PINGDINGSHAN TIANJING PLANT ALBUMEN,unmatched,,,0,False,1,False
"Pink Spot Vapors, Inc",PINK SPOT VAPORS,unmatched,,,0,False,1,False
"Pinnacle Labs of Tennessee, LLC dba Pinnacle BioLabs",PINNACLE LABS OF TENNESSEE PINNACLE BIOLABS,unmatched,,,0,False,1,True
"Pinnacle Transplant Technologies, LLC",PINNACLE TRANSPLANT TECHNOLOGIES,unmatched,,,0,False,1,False
"Planet of the Vapes, LLC",PLANET OF VAPES,unmatched,,,0,False,1,False
Podlix LLC dba Podlix Vape,PODLIX PODLIX VAPE,unmatched,,,0,False,1,False
"Preferred Vapor Manufacturing & Distribution, LLC d/b/a Preferred Vapor Vape Shop & Lounge",PREFERRED VAPOR MANUFACTURING AND DISTRIBUTION D B A PREFERRED VAPOR VAPE SHOP AND LOUNGE,unmatched,,,0,False,1,False
Premium Fresh Growers LLC,PREMIUM FRESH GROWERS,unmatched,,,0,False,1,False
Premium Health Management Inc. dba Premium Health,PREMIUM HEALTH MANAGEMENT PREMIUM HEALTH,unmatched,,,0,False,1,False
"Prestige 22, Inc. d/b/a The Vapers World",PRESTIGE 22 D B A VAPERS WORLD,unmatched,,,0,False,1,False
Prime Sciences,PRIME SCIENCES,unmatched,,,0,False,1,False
"ProRx, LLC",PRORX,unmatched,,,0,False,1,False
Product Society LLC,PRODUCT SOCIETY,unmatched,,,0,False,1,False
Productos Bredy USA LLC,PRODUCTOS BREDY,unmatched,,,0,False,1,False
"Professional Disposables International, Inc.",PROFESSIONAL DISPOSABLES,unmatched,,,0,False,1,False
Propaganda E-Liquid LLC,PROPAGANDA E LIQUID,unmatched,,,0,False,1,False
Proper Nutrition Inc.,PROPER NUTRITION,unmatched,,,0,False,1,False
"Pure Ground Ingredients, Inc.",PURE GROUND INGREDIENTS,unmatched,,,0,False,1,False
Pure Indulgence Aesthetics,PURE INDULGENCE AESTHETICS,unmatched,,,0,False,1,False
Purolea Cosmetics Lab,PUROLEA COSMETICS LAB,unmatched,,,0,False,1,False
"QuVa Pharma, Inc.",QUVA PHARMA,unmatched,,,0,False,1,False
Quad Life USA Inc.,QUAD LIFE,unmatched,,,0,False,1,False
Quicksilver Scientific,QUICKSILVER SCIENTIFIC,unmatched,,,0,False,1,False
R. Melton Enterprises LLC dba North Georgia Vapor,R MELTON ENTERPRISES NORTH GEORGIA VAPOR,unmatched,,,0,False,1,False
"RAAS Nutritionals, LLC/Rare Antibody Antigen Supply, Inc.",RAAS NUTRITIONALS RARE ANTIBODY ANTIGEN SUPPLY,unmatched,,,0,False,1,False
RPF Swedish Holdings LLC d/b/a Puffsee,RPF SWEDISH D B A PUFFSEE,unmatched,,,0,False,1,False
"Radhanite, LLC d/b/a Curalife Ltd",RADHANITE D B A CURALIFE,unmatched,,,0,False,1,False
Radhaswamy Inc. dba Raja Foods LLC,RADHASWAMY RAJA FOODS,unmatched,,,0,False,1,False
Ram Goods LLC,RAM GOODS,unmatched,,,0,False,1,False
Randox Laboratories Limited,RANDOX LABORATORIES,unmatched,,,0,False,1,True
"Rash Catering Services, LLC",RASH CATERING SERVICES,unmatched,,,0,False,1,False
Raven Route,RAVEN ROUTE,unmatched,,,0,False,1,False
Raw Bistro Inc.,RAW BISTRO,unmatched,,,0,False,1,False
"ReNovo, Inc. DBA Provision Device Reprocessing Solutions",RENOVO PROVISION DEVICE REPROCESSING SOLUTIONS,unmatched,,,0,False,1,True
"Reedhill Ventures LLC, d/b/a Vape On",REEDHILL VENTURES D B A VAPE ON,unmatched,,,0,False,1,False
"Regal Health Food International, Inc.",REGAL HEALTH FOOD,unmatched,,,0,False,1,False
"Regenerative Processing Plant, LLC",REGENERATIVE PROCESSING PLANT,unmatched,,,0,False,1,False
Relevant Vapes,RELEVANT VAPES,unmatched,,,0,False,1,False
RenatiLabs Inc.,RENATILABS,unmatched,,,0,False,1,False
"Restorative Botanicals, LLC",RESTORATIVE BOTANICALS,unmatched,,,0,False,1,False
Reunipeche SAS,REUNIPECHE SAS,unmatched,,,0,False,1,False
Rey de los Camarones S. A.,REY DE LOS CAMARONES S A,unmatched,,,0,False,1,False
Rio Verde Food Service Inc.,RIO VERDE FOOD SERVICE,unmatched,,,0,False,1,False
Rip It Vapors,RIP IT VAPORS,unmatched,,,0,False,1,False
"Roal Produce, Inc",ROAL PRODUCE,unmatched,,,0,False,1,False
"Robbins Instruments, LLC",ROBBINS INSTRUMENTS,unmatched,,,0,False,1,True
"Rocky Mountain Ecigs, LLC",ROCKY MOUNTAIN ECIGS,unmatched,,,0,False,1,False
Rolence Ent. Inc.,ROLENCE ENT,unmatched,,,0,False,1,True
"Rongcheng Jiayuan Food Co., Ltd",RONGCHENG JIAYUAN FOOD,unmatched,,,0,False,1,False
Rontis Hellas S.A.,RONTIS HELLAS S A,unmatched,,,0,False,1,True
"Root Bioscience Brands, LLC dba Naternal",ROOT BIOSCIENCE BRANDS NATERNAL,unmatched,,,0,False,1,False
Route 66 Vapor,ROUTE 66 VAPOR,unmatched,,,0,False,1,False
Royal Philips,ROYAL PHILIPS,unmatched,,,0,False,1,True
Rxgoodusa,RXGOODUSA,unmatched,,,0,False,1,False
S & J International Enterprises Public Company Limited,S AND J ENTERPRISES PUBLIC,unmatched,,,0,False,1,False
"SAS Technologies, Inc d/b/a Save A Smoker",SAS TECHNOLOGIES D B A SAVE A SMOKER,unmatched,,,0,False,1,False
SJ Trading LTD d/b/a Cloud Chasers Club,SJ TRADING D B A CLOUD CHASERS CLUB,unmatched,,,0,False,1,False
SK Investment Inc d/b/a SK Novelty Wholesale,SK INVESTMENT D B A SK NOVELTY WHOLESALE,unmatched,,,0,False,1,False
SS Vape Brands Inc. d/b/a Monster Vape Labs d/b/a The Monster Group,SS VAPE BRANDS D B A MONSTER VAPE LABS D B A MONSTER,unmatched,,,0,False,1,False
SSS AUSTAR LLC,SSS AUSTAR,unmatched,,,0,False,1,False
STPCA Inc. dba Sun Ten Laboratories,STPCA SUN TEN LABORATORIES,unmatched,,,0,False,1,False
"SZ Vape LLC, d/b/a Vype Vapor",SZ VAPE D B A VYPE VAPOR,unmatched,,,0,False,1,False
Sabor Vapors LLC,SABOR VAPORS,unmatched,,,0,False,1,False
"Sabra Dipping Company, LLC",SABRA DIPPING,unmatched,,,0,False,1,False
Sadboy LLC,SADBOY,unmatched,,,0,False,1,False
"Safari Stem Cell, LLC",SAFARI STEM CELL,unmatched,,,0,False,1,False
Saffron Health Sciences,SAFFRON HEALTH SCIENCES,unmatched,,,0,False,1,False
"Salt City Baking Company, LLC",SALT CITY BAKING,unmatched,,,0,False,1,False
Salvacion USA Inc.,SALVACION,unmatched,,,0,False,1,False
"Samm Solutions, Inc., d.b.a. BTS Research",SAMM SOLUTIONS D B A BTS RESEARCH,unmatched,,,0,False,1,False
San Juan Produce LLC,SAN JUAN PRODUCE,unmatched,,,0,False,1,False
"Sanit Technologies, LLC dba Durisan",SANIT TECHNOLOGIES DURISAN,unmatched,,,0,False,1,False
Sanitation & Environmental Technology Institute dba SDWH,SANITATION AND ENVIRONMENTAL TECHNOLOGY INSTITUTE SDWH,unmatched,,,0,False,1,True
Sanitor Corporation,SANITOR,unmatched,,,0,False,1,False
"Sarita's Tortilla Factory, Inc",SARITA S TORTILLA FACTORY,unmatched,,,0,False,1,False
Saruhan Kimya Ve Temizlik Urunleri Sanayi Ticaret Anonim Sirketi Corlu Subesi,SARUHAN KIMYA VE TEMIZLIK URUNLERI SANAYI TICARET ANONIM SIRKETI CORLU SUBESI,unmatched,,,0,False,1,False
"Sayar Food Market, Inc.",SAYAR FOOD MARKET,unmatched,,,0,False,1,False
Schlechter Farms Inc.,SCHLECHTER FARMS,unmatched,,,0,False,1,False
"Sck Zeta Dis Ticaret, Pazarlama Ltd.",SCK ZETA DIS TICARET PAZARLAMA,unmatched,,,0,False,1,False
"Seafood Brothers Inc., DBA G & L Seafood Inc.",SEAFOOD BROTHERS G AND L SEAFOOD,unmatched,,,0,False,1,False
"Seatex, LLC",SEATEX,unmatched,,,0,False,2,False
Secret of the Islands,SECRET OF ISLANDS,unmatched,,,0,False,1,False
Sedecal S.A.,SEDECAL S A,unmatched,,,0,False,1,True
"Seditious Vapours, LLC d/b/a Butt Out Labs",SEDITIOUS VAPOURS D B A BUTT OUT LABS,unmatched,,,0,False,1,False
"SeeNext Venture, Ltd.",SEENEXT VENTURE,unmatched,,,0,False,1,False
"Selected Food & Beverage, Inc.",SELECTED FOOD AND BEVERAGE,unmatched,,,0,False,1,False
"Seoul Cosmetics Co., Ltd.",SEOUL COSMETICS,unmatched,,,0,False,1,False
Shantaba LLC,SHANTABA,unmatched,,,0,False,1,False
"Shantou Kangjie Daily Chemical Industry Co., Ltd",SHANTOU KANGJIE DAILY CHEMICAL INDUSTRY,unmatched,,,0,False,1,False
"Sheng Kee of California, Inc dba Sheng Kee Bakery",SHENG KEE OF CALIFORNIA SHENG KEE BAKERY,unmatched,,,0,False,1,False
"Shenzhen FreeMax Technology Co., Ltd. d/b/a FreeMaxVape",SHENZHEN FREEMAX TECHNOLOGY D B A FREEMAXVAPE,unmatched,,,0,False,1,False
Shenzhen Greensound High-Tech Co. Ltd. d/b/a ENVA,SHENZHEN GREENSOUND HIGH TECH D B A ENVA,unmatched,,,0,False,1,False
"Shenzhen Hengkaifeng Commerce and Trade Co., Ltd",SHENZHEN HENGKAIFENG COMMERCE AND TRADE,unmatched,,,0,False,1,False
"Shenzhen IJOY Technology Co., LTD.",SHENZHEN IJOY TECHNOLOGY,unmatched,,,0,False,1,False
Shenzhen Moyeah Intelligent Life Technology Co.,SHENZHEN MOYEAH INTELLIGENT LIFE TECHNOLOGY,unmatched,,,0,False,1,True
"Shijin Vapor, LLC",SHIJIN VAPOR,unmatched,,,0,False,1,False
Shindler Distribution Inc. d/b/a VapoRush,SHINDLER DISTRIBUTION D B A VAPORUSH,unmatched,,,0,False,1,False
Shop Vapes Inc.,SHOP VAPES,unmatched,,,0,False,1,False
Sichuan Deebio Pharmaceutical Co. Ltd.,SICHUAN DEEBIO PHARMACEUTICAL,unmatched,,,0,False,1,False
Simply Vapour LLC dba Simply Vapour,SIMPLY VAPOUR SIMPLY VAPOUR,unmatched,,,0,False,1,False
Simtra BioPharma Solutions,SIMTRA BIOPHARMA SOLUTIONS,unmatched,,,0,False,1,False
Singing Hawk LLC d/b/a Sin City Vapor II,SINGING HAWK D B A SIN CITY VAPOR II,unmatched,,,0,False,1,False
Sir Vapes-A-Lot LLC,SIR VAPES A LOT,unmatched,,,0,False,1,False
"Sircle Laboratories, LLC",SIRCLE LABORATORIES,unmatched,,,0,False,1,False
Skull Smash LLC,SKULL SMASH,unmatched,,,0,False,1,False
"Sky Bank Media, LLC dba Painless Tattoo Cream Co.",SKY BANK MEDIA PAINLESS TATTOO CREAM,unmatched,,,0,False,1,False
Skye Biologics Holdings LLC,SKYE BIOLOGICS,unmatched,,,0,False,1,False
"Smart Vending Services, LLC",SMART VENDING SERVICES,unmatched,,,0,False,1,False
Smiths Medical ASD Inc.,SMITHS MEDICAL ASD,unmatched,,,0,False,1,True
Smok City Inc. dba SmokCity,SMOK CITY SMOKCITY,unmatched,,,0,False,1,False
Smoke Euphoria Inc d/b/a Euphoria Vapor Outlet,SMOKE EUPHORIA D B A EUPHORIA VAPOR OUTLET,unmatched,,,0,False,1,False
Smoke and Vape Inc d/b/a Backdoor Smoke Shop,SMOKE AND VAPE D B A BACKDOOR SMOKE SHOP,unmatched,,,0,False,1,False
"Sol-Millennium Medical, Inc.",SOL MILLENNIUM MEDICAL,unmatched,,,0,False,1,True
Sol-ti Inc.,SOL TI,unmatched,,,0,False,1,False
Soliteint Kozmetikai KFT,SOLITEINT KOZMETIKAI KFT,unmatched,,,0,False,1,False
SoloVital,SOLOVITAL,unmatched,,,0,False,1,False
"Sombra Cosmetics, Inc.",SOMBRA COSMETICS,unmatched,,,0,False,1,False
Soulaire Corporation,SOULAIRE,unmatched,,,0,False,1,True
Source-Omega LLC,SOURCE OMEGA,unmatched,,,0,False,1,False
South Coast Vapor Company,SOUTH COAST VAPOR,unmatched,,,0,False,1,False
South Florida Import & Export Corp,SOUTH FLORIDA IMPORT AND EXPORT,unmatched,,,0,False,1,False
Southeast Distro Inc.,SOUTHEAST DISTRO,unmatched,,,0,False,1,False
"Spartan Chemical Company, Inc.",SPARTAN CHEMICAL,unmatched,,,0,False,1,False
Spectrum Medical Ltd,SPECTRUM MEDICAL,unmatched,,,0,False,1,True
"Sperm Bank, Inc. dba Fertility Center of California",SPERM BANK FERTILITY CENTER OF CALIFORNIA,unmatched,,,0,False,1,False
"Spirochaete Research Labs, LLC aka Scitus Laboratory Products",SPIROCHAETE RESEARCH LABS AKA SCITUS LABORATORY PRODUCTS,unmatched,,,0,False,1,False
Spongebob Vape,SPONGEBOB VAPE,unmatched,,,0,False,1,False
"St. Louis Calco, LLC",ST LOUIS CALCO,unmatched,,,0,False,1,False
Staccato Ventures LLC d/b/a Carolina Vape Kings,STACCATO VENTURES D B A CAROLINA VAPE KINGS,unmatched,,,0,False,2,False
Star Distribution Inc. d/b/a Vape Star USA,STAR DISTRIBUTION D B A VAPE STAR,unmatched,,,0,False,1,False
Steep Slope Vape Supply,STEEP SLOPE VAPE SUPPLY,unmatched,,,0,False,1,False
Stokes Healthcare Inc. dba Epicur Pharma,STOKES HEALTHCARE EPICUR PHARMA,unmatched,,,0,False,1,False
Stone Retail LLC,STONE RETAIL,unmatched,,,0,False,1,False
"Strategia Project Management, Inc.",STRATEGIA PROJECT MANAGEMENT,unmatched,,,0,False,1,False
StrikesUSA,STRIKESUSA,unmatched,,,0,False,1,False
Strukmyer LLC dba Strukmyer Medical,STRUKMYER STRUKMYER MEDICAL,unmatched,,,0,False,1,False
"Sunstar Americas, Inc.",SUNSTAR AMERICAS,unmatched,,,0,False,1,True
Supplement Science Corp. d/b/a Condemned Labz,SUPPLEMENT SCIENCE D B A CONDEMNED LABZ,unmatched,,,0,False,1,False
"Supreme Rejuvenation, LLC",SUPREME REJUVENATION,unmatched,,,0,False,1,False
Surgenex LLC,SURGENEX,unmatched,,,0,False,1,False
"Suther Feeds, Inc.",SUTHER FEEDS,unmatched,,,0,False,1,False
Sweet TSV 1 d/b/a Sweet Vape Shop,SWEET TSV 1 D B A SWEET VAPE SHOP,unmatched,,,0,False,1,False
Sweis Global LLC,SWEIS GLOBAL,unmatched,,,0,False,1,False
Swity d.o.o.,SWITY D O O,unmatched,,,0,False,1,False
"Synaptent, LLC",SYNAPTENT,unmatched,,,0,False,1,False
Syntec Pharma Corp,SYNTEC PHARMA,unmatched,,,0,False,1,False
Synthetix Inc. DBA Helix Chemical Supply,SYNTHETIX HELIX CHEMICAL SUPPLY,unmatched,,,0,False,1,False
"TJA Health, LLC",TJA HEALTH,unmatched,,,0,False,1,False
TKTX Company,TKTX,unmatched,,,0,False,1,False
TKTX Numb Store,TKTX NUMB STORE,unmatched,,,0,False,1,False
TKTX Numbing Cream USA,TKTX NUMBING CREAM,unmatched,,,0,False,1,False
TKTX Store,TKTX STORE,unmatched,,,0,False,1,False
TKTX USA,TKTX,unmatched,,,0,False,1,False
"Taizhou Jingshang Cosmetics Technology Co., Ltd.",TAIZHOU JINGSHANG COSMETICS TECHNOLOGY,unmatched,,,0,False,1,False
"Talla Imports, LLC",TALLA IMPORTS,unmatched,,,0,False,1,False
Tampa Vapor Inc.,TAMPA VAPOR,unmatched,,,0,False,1,False
Tattoo Numbing Cream Co.,TATTOO NUMBING CREAM,unmatched,,,0,False,1,False
Tentamus India Private Limited,TENTAMUS INDIA PRIVATE,unmatched,,,0,False,1,False
"Tesla BioHealing, Inc.",TESLA BIOHEALING,unmatched,,,0,False,1,True
Texas Tobacco Barn LLC d/b/a TX VapeBarn,TEXAS TOBACCO BARN D B A TX VAPEBARN,unmatched,,,0,False,1,False
"Thai Nakorn Patana Co., Ltd.",THAI NAKORN PATANA,unmatched,,,0,False,1,False
The Camel Milk Co. LLC dba Camel Culture,CAMEL MILK CAMEL CULTURE,unmatched,,,0,False,1,False
The Famous Lartigue Seafood,FAMOUS LARTIGUE SEAFOOD,unmatched,,,0,False,1,False
The Juice Bar,JUICE BAR,unmatched,,,0,False,1,False
The Juice Machine,JUICE MACHINE,unmatched,,,0,False,1,False
The Plume Room LLC,PLUME ROOM,unmatched,,,0,False,1,False
The Vape Bar LLC d/b/a The Vape and More LLC,VAPE BAR D B A VAPE AND MORE,unmatched,,,0,False,1,False
"The Vape Lounge, Inc. d/b/a The Vape Lounge 760",VAPE LOUNGE D B A VAPE LOUNGE 760,unmatched,,,0,False,1,False
The Vape Spot,VAPE SPOT,unmatched,,,0,False,1,False
The Vape Zone LLC,VAPE ZONE,unmatched,,,0,False,1,False
The Vape-It Store,VAPE IT STORE,unmatched,,,0,False,1,False
The Vapery LLC d/b/a the Vapery,VAPERY D B A VAPERY,unmatched,,,0,False,1,False
"The Vaping Tiger, LLC",VAPING TIGER,unmatched,,,0,False,1,False
The Vapor Club LLC,VAPOR CLUB,unmatched,,,0,False,1,False
The Vapor Hutt,VAPOR HUTT,unmatched,,,0,False,1,False
"The Zen Vaper E-Liquids, LLC",ZEN VAPER E LIQUIDS,unmatched,,,0,False,1,False
"Thrasio, LLC D/B/A ZymaDerm",THRASIO D B A ZYMADERM,unmatched,,,0,False,1,False
Tijuana’s Produce Inc.,TIJUANA S PRODUCE,unmatched,,,0,False,1,False
Titan Star Resources Sdn Bhd. d/b/a Vape Vandal Ltd.,TITAN STAR RESOURCES SDN BHD D B A VAPE VANDAL,unmatched,,,0,False,1,False
Toe Toe Inc d/b/a Juana Vape,TOE TOE D B A JUANA VAPE,unmatched,,,0,False,1,False
"Top Health Manufacturing, LLC",TOP HEALTH MANUFACTURING,unmatched,,,0,False,1,False
Top Notch Smoke Shop LLC,TOP NOTCH SMOKE SHOP,unmatched,,,0,False,1,False
"Trang Thuy Seafood Co., LTD",TRANG THUY SEAFOOD,unmatched,,,0,False,1,False
Trangs Group USA Incorporated,TRANGS,unmatched,,,0,False,1,False
"Transu Investment Group, LLC",TRANSU INVESTMENT,unmatched,,,0,False,1,False
Trekker Vapors LLP,TREKKER VAPORS,unmatched,,,0,False,1,False
Trippy Drips LLC,TRIPPY DRIPS,unmatched,,,0,False,1,False
Tropicosmeticos SA de CV,TROPICOSMETICOS DE CV,unmatched,,,0,False,1,False
"True Chemical Solutions, LLC",TRUE CHEMICAL SOLUTIONS,unmatched,,,0,False,1,False
Turkuaz Sağlik Hizmetleri Medikal Temizlik Kimyasa,TURKUAZ LIK HIZMETLERI MEDIKAL TEMIZLIK KIMYASA,unmatched,,,0,False,1,True
"Turning Point Brands, Inc. d/b/a VaporFi",TURNING POINT BRANDS D B A VAPORFI,unmatched,,,0,False,1,False
Twinroll Service AB,TWINROLL SERVICE,unmatched,,,0,False,1,False
Tyche Industries Ltd,TYCHE INDUSTRIES,unmatched,,,0,False,1,False
Tyler Wholesale Supply LLC d/b/a BBW Supply,TYLER WHOLESALE SUPPLY D B A BBW SUPPLY,unmatched,,,0,False,1,False
"UIS Manufacturing, LLC d/b/a UIS Vapes",UIS MANUFACTURING D B A UIS VAPES,unmatched,,,0,False,1,False
US Chem Labs,CHEM LABS,unmatched,,,0,False,1,False
"USH Diagnostics, Inc./covidinstanttest.net",USH DIAGNOSTICS COVIDINSTANTTEST NET,unmatched,,,0,False,1,True
Utah Cord Bank LLC dba Utah Cell Bank,UTAH CORD BANK UTAH CELL BANK,unmatched,,,0,False,1,False
"V3Beyond, Inc. d/b/a Beyond Vape",V3BEYOND D B A BEYOND VAPE,unmatched,,,0,False,1,False
VHRK Food Inc.,VHRK FOOD,unmatched,,,0,False,1,False
VR Products I LLC d/b/a eJuiceDB,VR PRODUCTS I D B A EJUICEDB,unmatched,,,0,False,1,False
Vape Closeouts,VAPE CLOSEOUTS,unmatched,,,0,False,1,False
Vape Craft Inc.,VAPE CRAFT,unmatched,,,0,False,1,False
Vape Daugz LLC,VAPE DAUGZ,unmatched,,,0,False,1,False
Vape Dojo Corporate Headquarters,VAPE DOJO CORPORATE HEADQUARTERS,unmatched,,,0,False,1,False
Vape Hoop,VAPE HOOP,unmatched,,,0,False,1,False
Vape Hut Inc,VAPE HUT,unmatched,,,0,False,1,False
Vape Juice Depot,VAPE JUICE DEPOT,unmatched,,,0,False,1,False
Vape King Inc.,VAPE KING,unmatched,,,0,False,2,False
Vape MD,VAPE MD,unmatched,,,0,False,1,False
Vape Mania,VAPE MANIA,unmatched,,,0,False,1,False
Vape N Juice,VAPE N JUICE,unmatched,,,0,False,1,False
Vape On LLC d/b/a Imperial Vapor Co.,VAPE ON D B A IMPERIAL VAPOR,unmatched,,,0,False,1,False
Vape Papa,VAPE PAPA,unmatched,,,0,False,1,False
Vape Texas LLC d/b/a Vape Texas Conroe,VAPE TEXAS D B A VAPE TEXAS CONROE,unmatched,,,0,False,1,False
Vape Wholesale USA,VAPE WHOLESALE,unmatched,,,0,False,1,False
Vape123,VAPE123,unmatched,,,0,False,1,False
Vape4Less,VAPE4LESS,unmatched,,,0,False,1,False
VapeHub Incorporated d/b/a VapeHub,VAPEHUB D B A VAPEHUB,unmatched,,,0,False,1,False
VapeNico,VAPENICO,unmatched,,,0,False,1,False
VapeOtine,VAPEOTINE,unmatched,,,0,False,1,False
Vapeify,VAPEIFY,unmatched,,,0,False,1,False
Vapemarkdown.com,VAPEMARKDOWN COM,unmatched,,,0,False,1,False
"Vapemoreinc.com, Inc.",VAPEMOREINC COM,unmatched,,,0,False,1,False
Vaper Generation LLC,VAPER GENERATION,unmatched,,,0,False,1,False
Vaperz Cedar Park,VAPERZ CEDAR PARK,unmatched,,,0,False,1,False
Vapes and Such,VAPES AND SUCH,unmatched,,,0,False,1,False
Vapesstores.com,VAPESSTORES COM,unmatched,,,0,False,1,False
Vapestore.to,VAPESTORE TO,unmatched,,,0,False,1,False
Vapezilla LLC,VAPEZILLA,unmatched,,,0,False,1,False
Vaping Studio Inc,VAPING STUDIO,unmatched,,,0,False,1,False
Vaping Zone,VAPING ZONE,unmatched,,,0,False,1,False
Vapingfly,VAPINGFLY,unmatched,,,0,False,1,False
Vapor Amor,VAPOR AMOR,unmatched,,,0,False,1,False
"Vapor Authority, Inc.",VAPOR AUTHORITY,unmatched,,,0,False,1,False
Vapor Boss,VAPOR BOSS,unmatched,,,0,False,1,False
"Vapor Candy, LLC d/b/a The Vape Stop",VAPOR CANDY D B A VAPE STOP,unmatched,,,0,False,1,False
Vapor Lab,VAPOR LAB,unmatched,,,0,False,1,False
Vapor Lab - Cleburne,VAPOR LAB CLEBURNE,unmatched,,,0,False,1,False
Vapor Nuvola,VAPOR NUVOLA,unmatched,,,0,False,1,False
Vapor Plus OK LLC,VAPOR PLUS OK,unmatched,,,0,False,1,False
Vapor Rage LLC,VAPOR RAGE,unmatched,,,0,False,2,False
Vapor Source Inc.,VAPOR SOURCE,unmatched,,,0,False,1,False
Vapor Tek USA LLC,VAPOR TEK,unmatched,,,0,False,1,False
Vaporama,VAPORAMA,unmatched,,,0,False,1,False
Vedic Lifesciences Pvt. Ltd.,VEDIC LIFESCIENCES,unmatched,,,0,False,1,False
Vegas Vapor Emporium,VEGAS VAPOR EMPORIUM,unmatched,,,0,False,1,False
Velvet Vapor,VELVET VAPOR,unmatched,,,0,False,1,False
Venture Concepts Group LLC d/b/a High Light Vape Co.,VENTURE CONCEPTS D B A HIGH LIGHT VAPE,unmatched,,,0,False,1,False
"Verdict Brands, LLC d/b/a Verdict Vapors, LLC",VERDICT BRANDS D B A VERDICT VAPORS,unmatched,,,0,False,1,False
Veronvy,VERONVY,unmatched,,,0,False,1,False
Vertigo Vapor Inc. d/b/a Baton Vapor,VERTIGO VAPOR D B A BATON VAPOR,unmatched,,,0,False,1,False
Veterinary Select Formula dba Allergic Pet,VETERINARY SELECT FORMULA ALLERGIC PET,unmatched,,,0,False,1,False
Victorious Vapors LLC,VICTORIOUS VAPORS,unmatched,,,0,False,1,False
Victory Trading Company Inc.,VICTORY TRADING,unmatched,,,0,False,1,False
Victory Vapor,VICTORY VAPOR,unmatched,,,0,False,1,False
Victory Vapor Inc.,VICTORY VAPOR,unmatched,,,0,False,1,False
Vintage Chemical Inc.,VINTAGE CHEMICAL,unmatched,,,0,False,1,False
Viper Vapor LLC d/b/a Viper Vapor Kelso LLC,VIPER VAPOR D B A VIPER VAPOR KELSO,unmatched,,,0,False,1,False
"Visible Vapors, LLC",VISIBLE VAPORS,unmatched,,,0,False,1,False
"VitaCig, Inc.",VITACIG,unmatched,,,0,False,1,False
"VitaStik, Inc.",VITASTIK,unmatched,,,0,False,1,False
"Vitamin Vape, Inc.",VITAMIN VAPE,unmatched,,,0,False,1,False
"Vivera Pharmaceuticals, Inc.",VIVERA PHARMACEUTICALS,unmatched,,,0,False,2,True
Vixen Vapors LLC d/b/a Vixen Vapors Pantego,VIXEN VAPORS D B A VIXEN VAPORS PANTEGO,unmatched,,,0,False,1,False
WAVi Co.,WAVI,unmatched,,,0,False,1,True
WTech Enterprises LLC d/b/a Good Vibes Vapor,WTECH ENTERPRISES D B A GOOD VIBES VAPOR,unmatched,,,0,False,1,False
Wadina Distribution LLC dba Gost Vapor,WADINA DISTRIBUTION GOST VAPOR,unmatched,,,0,False,1,False
"Wagco Distribution, Inc.",WAGCO DISTRIBUTION,unmatched,,,0,False,1,False
Waiakea Bottling Inc.,WAIAKEA BOTTLING,unmatched,,,0,False,1,False
"Wailea Agricultural Group, Inc.",WAILEA AGRICULTURAL,unmatched,,,0,False,1,False
Walfer Corporation dba The Medicine Shoppe Pharmacy,WALFER MEDICINE SHOPPE PHARMACY,unmatched,,,0,False,1,False
"Walker Enterprises, LLC d/b/a MaddCatt Vapor",WALKER ENTERPRISES D B A MADDCATT VAPOR,unmatched,,,0,False,1,False
"Wan-Gee Foods, Inc.",WAN GEE FOODS,unmatched,,,0,False,1,False
Warbucks Seafood NY LLC,WARBUCKS SEAFOOD NY,unmatched,,,0,False,1,False
Ward Smelling Salts,WARD SMELLING SALTS,unmatched,,,0,False,1,False
Washington Fertility Center,WASHINGTON FERTILITY CENTER,unmatched,,,0,False,1,False
Weidenhamer and Morin Enterprises LLC d/b/a Liquivape,WEIDENHAMER AND MORIN ENTERPRISES D B A LIQUIVAPE,unmatched,,,0,False,1,False
Wello Inc.,WELLO,unmatched,,,0,False,1,True
"Western Innovations, Inc.",WESTERN INNOVATIONS,unmatched,,,0,False,1,False
Westside Vapor / Vapor Station,WESTSIDE VAPOR VAPOR STATION,unmatched,,,0,False,1,False
Westwood Laboratories LLC,WESTWOOD LABORATORIES,unmatched,,,0,False,1,False
Wholly Liquid Nutritional Supplements LLC,WHOLLY LIQUID NUTRITIONAL SUPPLEMENTS,unmatched,,,0,False,1,False
Wise Guys Vapes,WISE GUYS VAPES,unmatched,,,0,False,2,False
Wise Vice LLC dba Wise Vice Vapors,WISE VICE WISE VICE VAPORS,unmatched,,,0,False,1,False
"Wittman Pharma, Inc.",WITTMAN PHARMA,unmatched,,,0,False,1,False
Wolfe Trading Company LLC d/b/a East Coast Vapors,WOLFE TRADING D B A EAST COAST VAPORS,unmatched,,,0,False,1,False
"Wuhu Nuowei Chemistry Co., Ltd.",WUHU NUOWEI CHEMISTRY,unmatched,,,0,False,1,False
"Wuxi Medical Instrument Factory Co., Ltd.",WUXI MEDICAL INSTRUMENT FACTORY,unmatched,,,0,False,1,False
Wyoming Vapor Company,WYOMING VAPOR,unmatched,,,0,False,1,False
"XO Biologix, LLC",XO BIOLOGIX,unmatched,,,0,False,1,False
"Xiamen Wally Bath Manufacture Co., Ltd.",XIAMEN WALLY BATH MANUFACTURE,unmatched,,,0,False,1,False
"Xoran Technologies, LLC",XORAN TECHNOLOGIES,unmatched,,,0,False,1,True
Yakamoz Sirke Ferm Urunleri Gida Tas San Ve Tic Ltd STI,YAKAMOZ SIRKE FERM URUNLERI GIDA TAS SAN VE TIC STI,unmatched,,,0,False,1,False
"Yangzhou H&R Plastic Daily Chemical Co., Ltd.",YANGZHOU H AND R PLASTIC DAILY CHEMICAL,unmatched,,,0,False,1,False
YemenUSA Inc.,YEMENUSA,unmatched,,,0,False,1,False
"Yeshua Bendito, C.A.",YESHUA BENDITO C A,unmatched,,,0,False,1,False
Yiling Pharmaceutical Ltd.,YILING PHARMACEUTICAL,unmatched,,,0,False,1,False
Yogi's Vape Lounge,YOGI S VAPE LOUNGE,unmatched,,,0,False,1,False
You Suck Vapes,YOU SUCK VAPES,unmatched,,,0,False,1,False
"Yuni Wholesale, Inc. d/b/a Blow Disposables",YUNI WHOLESALE D B A BLOW DISPOSABLES,unmatched,,,0,False,1,False
"ZOVOO Technology Co., Ltd. Shenzhen",ZOVOO TECHNOLOGY SHENZHEN,unmatched,,,0,False,1,False
Za Imports Inc,ZA IMPORTS,unmatched,,,0,False,1,False
Zen Enterprises LLC,ZEN ENTERPRISES,unmatched,,,0,False,1,False
Zenzi Pharmaceutical Industries Pvt. Ltd.,ZENZI PHARMACEUTICAL INDUSTRIES,unmatched,,,0,False,1,False
"Zhejiang Qimei Cosmetics Co., Ltd.",ZHEJIANG QIMEI COSMETICS,unmatched,,,0,False,1,False
"Zoet Poultry, Inc.",ZOET POULTRY,unmatched,,,0,False,1,False
Zydus Lifesciences Limited,ZYDUS LIFESCIENCES,unmatched,,,0,False,1,False
buydeltas.com,BUYDELTAS COM,unmatched,,,0,False,1,False
denverelectroniccigarettes.com,DENVERELECTRONICCIGARETTES COM,unmatched,,,0,False,1,False
"eCig Distributors, Inc. d/b/a eJuices.com",ECIG DISTRIBUTORS D B A EJUICES COM,unmatched,,,0,False,1,False
ejuice-online.com,EJUICE ONLINE COM,unmatched,,,0,False,1,False
"iSmoke, LLC d/b/a iSmoke Vapor Gallery",ISMOKE D B A ISMOKE VAPOR GALLERY,unmatched,,,0,False,1,False
idripejuice.com,IDRIPEJUICE COM,unmatched,,,0,False,1,False
ivsupplyclinic.com,IVSUPPLYCLINIC COM,unmatched,,,0,False,1,False
lostmary.com,LOSTMARY COM,unmatched,,,0,False,1,False
matesbrand.com,MATESBRAND COM,unmatched,,,0,False,1,False
mohawksmoke.com,MOHAWKSMOKE COM,unmatched,,,0,False,1,False
prilla.com/us,PRILLA COM,unmatched,,,0,False,1,False
rxmedkart.com,RXMEDKART COM,unmatched,,,0,False,1,False
snushaven.com,SNUSHAVEN COM,unmatched,,,0,False,1,False
thesnuslife.com,THESNUSLIFE COM,unmatched,,,0,False,1,False
vapordna.com,VAPORDNA COM,unmatched,,,0,False,1,False
vaporhatch.com,VAPORHATCH COM,unmatched,,,0,False,1,False
www.alphamedstore.com,WWW ALPHAMEDSTORE COM,unmatched,,,0,False,1,False
www.dashpct.com,WWW DASHPCT COM,unmatched,,,0,False,1,False
www.directpharmashop.net,WWW DIRECTPHARMASHOP NET,unmatched,,,0,False,1,False
www.gorillahealing.com,WWW GORILLAHEALING COM,unmatched,,,0,False,1,False
www.semaspace.com,WWW SEMASPACE COM,unmatched,,,0,False,1,False
www.weightcrunchshop.com,WWW WEIGHTCRUNCHSHOP COM,unmatched,,,0,False,1,False
