file_name,citation,original_file_name
Anderson-Tan_2023_FDA-Warning-Letters-Consequences-and-Costs.pdf,Anderson & Tan (2023). Journal of Industrial Engineering and Management 12(6),Retrieved Open Access/Anderson_Tan_2023_FDA_Warning_Letters_Consequences_and_Costs.pdf
Antonetti-Baghi_2021_Blame-Giving-Crisis-Communications.pdf,Antonetti & Baghi (2021). Journal of Business Ethics 172(1),Retrieved Open Access/When Blame-Giving Crisis Communications are Persuasive_ A Dual-Influence Model and Its Boundary Conditions.pdf
Aronson-et-al_2020_Medical-Devices-Definition-Classification.pdf,"Aronson, Heneghan & Ferner (2020). Drug Safety 43(2)",New Articles for Last Update to Summer Literature Review/Medical Device Classifications.pdf
Bettman-Weitz_1983_Attributions-in-the-Board-Room.pdf,Bettman & Weitz (1983). Administrative Science Quarterly,Attributions in the Board Room.pdf
Bochkay-et-al_2019_Dynamics-of-CEO-Disclosure-Style.pdf,"Bochkay, Chychyla & Nanda (2019). The Accounting Review 94(4)",New Articles for Last Update to Summer Literature Review/Dynamics of CEO Disclosure Style.pdf
Bochkay-et-al_2020_Hyperbole-or-Reality.pdf,"Bochkay, Hales & Chava (2020). The Accounting Review 95(2)",Retrieved Open Access/Bochkay_Hales_Chava_2020_Hyperbole_or_Reality.pdf
Bochkay-et-al_2023_Textual-Analysis-in-Accounting-Whats-Next.pdf,"Bochkay, Brown, Leone & Tucker (2023). Contemporary Accounting Research 40(2)",Retrieved Open Access/Contemporary Accting Res - 2022 - Bochkay - Textual Analysis in Accounting  What s Next.pdf
Bundy-et-al_2017_Crises-and-Crisis-Management.pdf,"Bundy, Pfarrer, Short & Coombs (2017). Journal of Management 43(6)",Crises and Crisis Management.pdf
Cao-et-al_2023_How-to-Talk-When-a-Machine-Is-Listening.pdf,"Cao, Jiang, Yang & Zhang (2023). Review of Financial Studies 36(9)",New Articles for Last Update to Summer Literature Review/Seminal Papers/Seminal_How to Talk When a Machine is Listening.pdf
Carlos-Lewis_2018_Strategic-Silence.pdf,Carlos & Lewis (2018). Administrative Science Quarterly 63(1) (online first 2017),../carlos-lewis-2017-strategic-silence-withholding-certification-status-as-a-hypocrisy-avoidance-tactic.pdf
Chen-et-al_2009_Product-Recall-Strategy-and-Financial-Value.pdf,"Chen, Ganesan & Liu (2009). Journal of Marketing 73(6)",New Articles for Last Update to Summer Literature Review/chen-et-al-2009-does-a-firm-s-product-recall-strategy-affect-its-financial-value-an-examination-of-strategic.pdf
Christensen-et-al_2021_Mandatory-CSR-and-Sustainability-Reporting.pdf,"Christensen, Hail & Leuz (2021). Review of Accounting Studies 26(3)",Retrieved Open Access/Christensen et al 2021_Mandatory CSR And Sustainability Reporting-economic analysis and literature review.pdf
Clapham-Schwenk_1991_Self-Serving-Attributions-Managerial-Cognition.pdf,Clapham & Schwenk (1991). Strategic Management Journal 12(3),"SELF-SERVING_ATTRIBUTIONS,_MAN.pdf"
Connelly-et-al_2011_Signaling-Theory-Review.pdf,"Connelly, Certo, Ireland & Reutzel (2011). Journal of Management 37(1)",Signaling Theory A Review .pdf
Coombs_2007_Protecting-Organization-Reputations-SCCT.pdf,Coombs (2007). Corporate Reputation Review 10(3),Retrieved Open Access/Protecting Organization Reputations During a Crisis The Development and Application of Situational Crisis Communication Theory.pdf
Darby-et-al_2023_CEO-Stock-Ownership-Recall-Timing.pdf,"Darby, Ketchen, Ball & Mukherjee (2023). M&SOM 25(5)",New Articles for Last Update to Summer Literature Review/CEO stock ownershpi and reall timing.pdf
Dyer-et-al_2017_Evolution-of-10-K-Textual-Disclosure.pdf,"Dyer, Lang & Stice-Lawrence (2017). Journal of Accounting and Economics 64(2-3)",New Articles for Last Update to Summer Literature Review/Seminal Papers/Seminal_The Evolution of 10k Textual Disclosure.pdf
Ewertz-et-al_2026_Listen-Closely-Vocal-Tone.pdf,"Ewertz, Knickrehm, Nienhaus & Reichmann (2026). Journal of Accounting Research 64(1)",Listen Closely Measuring Vocal Tone.pdf
Fandella-et-al_2022_Shock-Events-News-Media-Communication.pdf,"Fandella, Ceccarossi & Attina (2022). Investment Management & Financial Innovations 19(1)",Retrieved Open Access/Fandella_et_al_2022_IMFI_Shock_Events.pdf
Guo-et-al_2021_Executive-Verbal-Communication-Investor-Opinions.pdf,"Guo, Sengul & Yu (2021). Academy of Management Journal 64(6)",The Impact of Executive Verbal Communication .pdf
Haninger-et-al_2011_Causes-of-Drug-Shortages-ASPE.pdf,"Haninger, Jessup & Koehler (2011). ASPE Issue Brief",Retrieved Open Access/Haninger_Jessup_Koehler_2011_ASPE_Drug_Shortages.pdf
Hendricks-Singhal_1996_Quality-Awards-and-Market-Value.pdf,Hendricks & Singhal (1996). Management Science 42(3),New Articles for Last Update to Summer Literature Review/Hendricks-QualityAwardsMarket-1996.pdf
Huang-et-al_2023_FinBERT.pdf,"Huang, Wang & Yang (2023). Contemporary Accounting Research 40(2)",New Articles for Last Update to Summer Literature Review/Seminal Papers/Seminal_Contemporary Accting Res - 2022 - Huang - FinBERT  A Large Language Model for Extracting Information from Financial Text.pdf
Jensen-Meckling_1976_Theory-of-the-Firm.pdf,Jensen & Meckling (1976). Journal of Financial Economics 3(4),Agency Theory Meckling.pdf
Karpoff-et-al_2008_Cost-to-Firms-of-Cooking-the-Books.pdf,"Karpoff, Lee & Martin (2008). JFQA 43(3) -- NOTE: review's reference list cites the JFE paper by mistake",The Cost to Firms of Cooking the Books.pdf
Kasznik-Lev_1995_To-Warn-or-Not-to-Warn.pdf,Kasznik & Lev (1995). The Accounting Review,New Articles for Last Update to Summer Literature Review/To Warn or Not to Warn.pdf
Lapre-Tsikriktsis_2006_Organizational-Learning-Curves.pdf,Lapre & Tsikriktsis (2006). Management Science 52(3),New Articles for Last Update to Summer Literature Review/EBSCO-FullText-09_26_2026 (1).pdf
Larcker-Zakolyukina_2012_Detecting-Deceptive-Discussions.pdf,Larcker & Zakolyukina (2012). Journal of Accounting Research 50(2),New Articles for Last Update to Summer Literature Review/J of Accounting Research - 2012 - LARCKER - Detecting Deceptive Discussions in Conference Calls.pdf
Laverty_1996_Economic-Short-Termism.pdf,Laverty (1996). Academy of Management Review 21(3),New Articles for Last Update to Summer Literature Review/Short Terminism.pdf
Li_2008_Annual-Report-Readability.pdf,Li (2008). Journal of Accounting and Economics 45(2-3),New Articles for Last Update to Summer Literature Review/Seminal Papers/Seminal_Annual Report Readability.pdf
Loughran-McDonald_2011_When-Is-a-Liability-Not-a-Liability.pdf,Loughran & McDonald (2011). Journal of Finance 66(1),New Articles for Last Update to Summer Literature Review/Seminal Papers/Seminal_The Journal of Finance - 2011 - LOUGHRAN - When Is a Liability Not a Liability  Textual Analysis  Dictionaries  and 10‐Ks.pdf
Malik-et-al_2025_Mixed-Gambles-in-Product-Recalls.pdf,"Malik, Wang, Martin & Gomez-Mejia (2025). Journal of Management",Retrieved Open Access/Mixed Gambles in Product Recalls_ How CEO Stock Options Drive Impression Management Tactics.pdf
Mezulis-et-al_2004_Universal-Positivity-Bias-in-Attributions.pdf,"Mezulis, Abramson, Hyde & Hankin (2004). Psychological Bulletin 130(5)",Is there a Universal Positivity Bias .pdf
Miller-Ross_1975_Self-Serving-Biases-in-Attribution.pdf,Miller & Ross (1975). Psychological Bulletin 82(2),Self Serving Biases in the Attribution of Causality.pdf
NASEM_2022_Building-Resilience-Medical-Product-Supply-Chains.pdf,National Academies (2022). Building Resilience into the Nation's Medical Product Supply Chains (full report; review cites Ch. 2),New Articles for Last Update to Summer Literature Review/Bookshelf_NBK583739.pdf
Pearson-Clair_1998_Reframing-Crisis-Management.pdf,Pearson & Clair (1998). Academy of Management Review 23(1),New Articles for Last Update to Summer Literature Review/Reframing_crisis_management.pdf
Racine-et-al_2020_Value-of-Apology.pdf,"Racine, Wilson & Wynes (2020). Journal of Business Ethics 163(3)",Retrieved Open Access/Racine_Wilson_Wynes_2020_Value_of_Apology.pdf
Rhee-Haunschild_2006_Liability-of-Good-Reputation.pdf,Rhee & Haunschild (2006). Organization Science 17(1),New Articles for Last Update to Summer Literature Review/The Liability of a Good Reputation.pdf
Salancik-Meindl_1984_Corporate-Attributions-as-Strategic-Illusions.pdf,Salancik & Meindl (1984). Administrative Science Quarterly,Corporate Attributions as Strategic Illusion.pdf
Schloetzer-et-al_2021_Blame-Attribution-and-Disclosure-Propensity.pdf,"Schloetzer, Tseng, Yohn & Yoon (2021). The Accounting Review 96(4)",Retrieved Open Access/Schloetzer_et_al_2021_Blame_Attribution_and_Disclosure_Propensity.pdf
Skinner_1994_Why-Firms-Voluntarily-Disclose-Bad-News.pdf,Skinner (1994). Journal of Accounting Research 32(1),New Articles for Last Update to Summer Literature Review/Skinner-FirmsVoluntarilyDisclose-1994.pdf
Staw-et-al_1983_Justification-of-Organizational-Performance.pdf,"Staw, McKechnie & Puffer (1983). Administrative Science Quarterly",The Justification of Organizational Performance.pdf
Stein_1989_Myopic-Corporate-Behavior.pdf,Stein (1989). Quarterly Journal of Economics 104(4),New Articles for Last Update to Summer Literature Review/myopic corporate behavior.pdf
Thirumalai-Sinha_2011_Product-Recalls-Medical-Device-Industry.pdf,Thirumalai & Sinha (2011). Management Science 57(2),Retrieved Open Access/Product recalls in the medical device industry An empirical exploration of the sources and financial consequences.pdf
US-Congress_1976_Medical-Device-Amendments-PL-94-295.pdf,"Medical Device Amendments of 1976, Public Law 94-295 (background; not in reference list)",New Articles for Last Update to Summer Literature Review/Medical Device Act 1976.pdf
Zavyalova-et-al_2012_Managing-the-Message.pdf,"Zavyalova, Pfarrer, Reger & Shapiro (2012). Academy of Management Journal 55(5)",New Articles for Last Update to Summer Literature Review/EBSCO-FullText-09_26_2026.pdf
Zheng-et-al_2023_Stock-Market-Reaction-Product-Harm-Crisis-Responses.pdf,"Zheng, Yang & Chen (2023). PLOS ONE (NOT in current reference list)",Retrieved Open Access/Stock market reaction to product-harm crisis response strategies.pdf
