lead_sponsor_name,orig_conm,drop_sic,n_trials
Alcon Research,ALCON INC,3851,620
Boston Scientific Corporation,BOSTON SCIENTIFIC CORP,3841,530
Zimmer Biomet,ZIMMER BIOMET HOLDINGS INC,3842,275
Medtronic Cardiac Rhythm and Heart Failure,MEDTRONIC PLC,3845,262
Bausch & Lomb Incorporated,BAUSCH & LOMB CORP,3851,180
Medtronic - MITG,MEDTRONIC PLC,3845,178
GE Healthcare,GE HEALTHCARE TECHNOLOGI INC,3844,165
"Smith & Nephew, Inc.",SMITH & NEPHEW PLC,3842,131
Edwards Lifesciences,EDWARDS LIFESCIENCES CORP,3842,126
C. R. Bard,BARD (C.R.) INC,3841,115
ResMed,RESMED INC,3841,104
Masimo Corporation,MASIMO CORP,3845,103
"Orion Corporation, Orion Pharma",ORION SA,2890,100
PepsiCo Global R&D,PEPSICO INC,2080,98
HK inno.N Corporation,INNO HOLDINGS INC,3317,95
Fisher and Paykel Healthcare,FISHER & PAYKEL HEALTHCARE,3845,83
Procter and Gamble,PROCTER & GAMBLE CO,2840,83
EMS,EMS TECHNOLOGIES INC,3663,82
Integra LifeSciences Corporation,INTEGRA INC,8093,81
Cordis US Corp.,CORDIS CORP,3841,78
"Medtronic MiniMed, Inc.",MINIMED INC,3842,72
Medtronic Cardiovascular,MEDTRONIC PLC,3845,69
Unilever R&D,UNILEVER PLC,2840,69
Glaukos Corporation,GLAUKOS CORP,3841,65
PTC Therapeutics,PTC INC,7372,64
Solventum US LLC,SOLVENTUM CORP,3841,63
Medtronic Vascular,MEDTRONIC PLC,3845,60
Mead Johnson Nutrition,MEAD JOHNSON NUTRITION CO,2000,58
Intuitive Surgical,INTUITIVE SURGICAL INC,3842,58
CENTOGENE GmbH Rostock,CENTOGENE NV,8071,57
"TCI Co., Ltd.",TCI INTL INC,3663,57
Medtronic Spinal and Biologics,MEDTRONIC PLC,3845,57
"Clinical Nutrition Research Center, Illinois Institute of Technology",TECHNOLOGY RESEARCH CORP,3613,56
"Becton, Dickinson and Company",BECTON DICKINSON & CO,3841,55
Vantive Health LLC,VANTIVE CORP,7372,54
HALEON,HALEON PLC,2844,53
CIBA VISION,CIBA HOLDING AG,2810,52
"Cynosure, Inc.",CYNOSURE INC,3845,52
Medtronic Endovascular,MEDTRONIC PLC,3845,50
DePuy Orthopaedics,DEPUY INC,3842,45
Stryker Orthopaedics,STRYKER CORP,3841,43
DePuy International,DEPUY INC,3842,42
Medtronic,MEDTRONIC PLC,3845,42
Cutera Inc.,CUTERA INC,3845,42
Stryker Trauma and Extremities,STRYKER CORP,3841,42
Syneron Medical,SYNERON MEDICAL LTD,3845,41
Bausch & Lomb Incorporated,BAUSCH & LOMB HLDGS  -REDH,3851,41
LivaNova,LIVANOVA PLC,3845,40
Philips Respironics,RESPIRONICS INC,3842,40
AB Science,AMERICAN SCIENCE ENGINEERING,3844,39
Zeltiq Aesthetics,ZELTIQ AESTHETICS INC,3845,39
NuVasive,NUVASIVE INC,3841,38
China National Biotec Group Company Limited,NATIONAL HOLDINGS CORP,6200,37
Fresenius Medical Care Deutschland GmbH,FRESENIUS MEDICAL CARE AG,8090,35
"MiMedx Group, Inc.",MIMEDX GROUP INC,3841,35
Medtronic Cardiac Ablation Solutions,MEDTRONIC PLC,3845,34
Dentsply Sirona Implants and Consumables,DENTSPLY SIRONA INC,3843,34
Zoll Medical Corporation,ZOLL MEDICAL CORP,3845,34
Reckitt Benckiser Healthcare (UK) Limited,BENCKISER NV,2840,34
Venus Concept,VENUS CONCEPT INC,3841,34
Abiomed Inc.,ABIOMED INC,3841,33
"Natera, Inc.",NATERA INC,8071,32
"AtriCure, Inc.",ATRICURE INC,3841,32
Penumbra Inc.,PENUMBRA INC,3841,32
Lumenis Be Ltd.,LUMENIS LTD,5047,32
"Church & Dwight Company, Inc.",CHURCH & DWIGHT INC,2840,32
"DexCom, Inc.",DEXCOM INC,3841,31
"Beckman Coulter, Inc.",BECKMAN COULTER INC,3826,31
"Shandong New Time Pharmaceutical Co., LTD",TIME INC,2721,31
Exact Sciences Corporation,EXACT SCIENCES CORP,8071,31
Medtronic Neurovascular Clinical Affairs,MEDTRONIC PLC,3845,31
US Oncology Research,US ONCOLOGY INC,8093,29
"Arcus Biosciences, Inc.",ARCUS INC,4220,29
Alpha Tau Medical LTD.,ALPHA TAU MEDICAL LTD,3841,29
"Shockwave Medical, Inc.",SHOCKWAVE MEDICAL INC,3841,28
"Merit Medical Systems, Inc.",MERIT MEDICAL SYSTEMS INC,3841,28
"Hologic, Inc.",HOLOGIC INC,3844,28
"Varian, a Siemens Healthineers Company",SIEMENS AG,3600,27
Medtronic BRC,MEDTRONIC PLC,3845,26
"Sequenom, Inc.",SEQUENOM INC,3829,26
TransMedics,TRANSMEDICS GROUP INC,3845,26
Stryker Neurovascular,STRYKER CORP,3841,25
InMode MD Ltd.,INMODE LTD,3845,25
Hill-Rom,HILL-ROM HOLDINGS INC,3841,25
Endologix,ENDOLOGIX INC,3841,25
Smith & Nephew Orthopaedics AG,SMITH & NEPHEW PLC,3842,24
ZimVie,ZIMVIE INC,3843,24
"Encore Medical, L.P.",ENCORE MEDICAL CORP,3842,21
"Angiodynamics, Inc.",ANGIODYNAMICS INC,3841,21
Insulet Corporation,INSULET CORP,3841,21
Brainsway,BRAINSWAY LTD,3841,21
Kubota Vision Inc.,KUBOTA CORP,3320,20
Polaris Group,POLARIS INC,3790,20
"CVRx, Inc.",CVRX INC,3841,19
"EyePoint Pharmaceuticals, Inc.",EYEPOINT PHARMACEUTICALS INC,3826,19
Gaia AG,GAIA INC,7812,19
NovoCure Ltd.,NOVOCURE LIMITED,3841,19
ElectroCore INC,ELECTROCORE INC,3845,19
Candela Corporation,CANDELA CORP,3845,19
Spectranetics Corporation,SPECTRANETICS CORP,3845,19
Technolas Perfect Vision GmbH,PERFECT CORP,7372,18
Denali Therapeutics Inc.,DENALI INC,7389,18
FORUM Pharmaceuticals Inc,FORUM GROUP INC,8300,18
"Tandem Diabetes Care, Inc.",TANDEM DIABETES CARE INC,3841,18
"Biomet Orthopedics, LLC",BIOMET INC,3842,17
Guidant Corporation,GUIDANT CORP,3841,17
Exactech,EXACTECH INC,3842,17
"Sight Sciences, Inc.",SIGHT SCIENCES INC,3841,17
"Kang Stem Biotech Co., Ltd.",STEM INC,7373,17
"Anika Therapeutics, Inc.",ANIKA THERAPEUTICS INC,3841,17
"Therapeutics, Inc.",CHAD THERAPEUTICS INC,3842,17
The Archer-Daniels-Midland Company,ARCHER-DANIELS-MIDLAND CO,2070,17
Orthofix Inc.,ORTHOFIX MEDICAL INC,3841,17
Cerus Corporation,CERUS CORP,3841,17
"Mentor Worldwide, LLC",MENTOR CORP,3842,17
"TaiGen Biotechnology Co., Ltd.",IGENE BIOTECHNOLOGY INC,2870,16
Kimberly-Clark Corporation,KIMBERLY-CLARK CORP,2670,16
RSP Systems A/S,PLC SYSTEMS INC,3845,16
"Click Therapeutics, Inc.",CLICK HOLDINGS LTD,7361,16
Avita Medical,AVITA MEDICAL INC,3841,15
Globus Medical Inc,GLOBUS MEDICAL INC,3841,15
"NS Pharma, Inc.",NS GROUP INC,3312,15
"Target PharmaSolutions, Inc.",TARGET CORP,5331,15
Fresenius Medical Care North America,MEDICAL CARE AMERICA,8093,15
Bioventus LLC,BIOVENTUS INC,3841,14
Corindus Inc.,CORINDUS VASCULAR ROBOTICS,3841,14
PT. Prodia Stem Cell Indonesia,STEM INC,7373,14
MediWound Ltd,MEDIWOUND LTD,2833,14
Volcano Corporation,VOLCANO CORP,3845,14
Tabula Rasa HealthCare,TABULA RASA HEALTHCARE INC,7389,14
Inari Medical,INARI MEDICAL INC,3841,14
"Pulse Biosciences, Inc.",PULSE BIOSCIENCES INC,3841,14
CareDx,CAREDX INC,8071,14
Acutus Medical,ACUTUS MEDICAL INC,3841,14
Reckitt Benckiser LLC,BENCKISER NV,2840,13
Tempus AI,TEMPUS AI INC,7370,13
"Akili Interactive Labs, Inc.",AKILI INC,3841,13
Pulmonx Corporation,PULMONX CORP,3841,13
Enzymotec,ENZYMOTEC LTD,2833,13
"Shanghai Chia Tai Tianqing Pharmaceutical Technology Development Co., Ltd.",TECHNOLOGY DEVELOPMENT CORP,3825,13
"Arcturus Therapeutics, Inc.",ARCTURUS INC,6770,13
"SI-BONE, Inc.",SI-BONE INC,3841,13
"Gen-Probe, Incorporated",GEN-PROBE INC,3841,13
"National Vaccine and Serum Institute, China",NATIONAL HOLDINGS CORP,6200,13
Intersect ENT,INTERSECT ENT INC,3841,12
"Castle Creek Biosciences, LLC.",CASTLE BIOSCIENCES INC,8071,12
"Illumina, Inc.",ILLUMINA INC,3826,12
3M,3M CO,3841,12
PROCEPT BioRobotics,PROCEPT BIOROBTCS CORP,3841,12
JW Medical Systems Ltd,PLC SYSTEMS INC,3845,12
Apple Inc.,APPLE INC,3571,12
Siemens Molecular Imaging,SIEMENS AG,3600,12
"Entellus Medical, Inc.",ENTELLUS MEDICAL INC,3841,11
"ESM Technologies, LLC",EMS TECHNOLOGIES INC,3663,11
Haemonetics Corporation,HAEMONETICS CORP,3841,11
"VisionCare, Inc.",WESLEY JESSEN VISIONCARE INC,3851,11
Medtronic Cardiac Surgery,MEDTRONIC PLC,3845,11
"Rhodes Pharmaceuticals, L.P.",RHODES INC,5712,11
Motus GI Medical Technologies Ltd,MOTUS GI HOLDINGS INC,3841,11
Helius Medical Inc,HELIUS MEDICAL TECHNOLOGIES,6199,11
"AST Products, Inc.",ATL PRODUCTS INC,3572,11
Momentum Data,MOMENTUM CORP,6211,11
Asana BioSciences,ASANA INC,7372,11
"Senseonics, Inc.",SENSEONICS HLDGS INC,3823,11
Delcath Systems Inc.,DELCATH SYSTEMS INC,3841,11
DePuy Spine,DEPUY INC,3842,11
Nanogen Pharmaceutical Biotechnology Joint Stock Company,NANOGEN INC,3826,11
Apyx Medical,APYX MEDICAL CORP,3841,10
"TriVascular, Inc.",TRIVASCULAR TECHNOLOGIES INC,3841,10
CSL Limited,CSL LIGHTING MFG INC,3640,10
Altria Client Services LLC,ALTRIA GROUP INC,2111,10
"Owlet Baby Care, Inc.",OWLET INC,3829,10
Canopy Growth Corporation,CANOPY GROWTH CORP,2833,10
"Progyny, Inc.",PROGYNY INC,8090,10
Quantum Genomics SA,QUANTUM CORP,3572,10
"Barron Associates, Inc.",AG ASSOCIATES INC,3559,10
Beyond Air Inc.,BEYOND AIR INC,3841,10
IDEA AG,AMTD IDEA GROUP,6199,10
Silk Road Medical,SILK ROAD MEDICAL INC,3841,10
"Disc Medicine, Inc",DISC INC,3572,10
Dentsply International,DENTSPLY INTERNATIONAL INC,3843,10
UNION therapeutics,UNION CORP,7320,10
Stereotaxis,STEREOTAXIS INC,3845,10
Nevro Corp,NEVRO CORP,3841,10
Blue Earth Diagnostics,BLUE EARTH INC,4991,10
"Vapotherm, Inc.",VAPOTHERM INC,3841,10
"SPR Therapeutics, Inc.",SPR INC,7370,10
Teleflex,TELEFLEX INC,3841,10
"Cerenovus, Part of DePuy Synthes Products, Inc.",DEPUY INC,3842,9
Cepheid,CEPHEID INC,3826,9
"Guardant Health, Inc.",GUARDANT HEALTH INC,8071,9
Integra LifeSciences Services,INTEGRA INC,8093,9
Check-Cap Ltd.,CHECK-CAP LTD,3844,9
Concept Medical Inc.,CONCEPT INC,3845,9
Dow Pharmaceutical Sciences,DOW INC,2821,9
be Medical,BE INC,7373,9
"CytoSorbents, Inc",CYTOSORBENTS CORP,3841,9
Shanghai Golden Leaf MedTec Co. Ltd,LEAF GROUP LTD,7374,9
SRI International,SI INTERNATIONAL INC,7373,9
"SeaSpine, Inc.",SEASPINE HOLDINGS CORP,3841,9
Axogen Corporation,AXOGEN INC,3845,9
"RxSight, Inc.",RXSIGHT INC,3851,9
Vifor Fresenius Medical Care Renal Pharma,FRESENIUS MEDICAL CARE AG,8090,9
Zynex Monitoring Solutions,ZYNEX INC,3845,9
"Banyan Biomarkers, Inc",BANYAN CORP,2300,9
American Medical Systems,AMERICAN MEDICAL HOLDINGS,8060,9
Antares Pharma Inc.,ANTARES PHARMA INC,3841,9
NovoCure GmbH,NOVOCURE LIMITED,3841,9
"Axonics, Inc.",AXONICS INC,3841,9
"Nuwellis, Inc.",NUWELLIS INC,3845,9
NeuroPace,NEUROPACE INC,3841,8
"Apollo Endosurgery, Inc.",APOLLO ENDOSURGERY INC,3841,8
AGO Research GmbH,RESEARCH INC,3567,8
Paragon 28,PARAGON 28 INC,3841,8
"Shanghai Yidian Pharmaceutical Technology Development Co., Ltd.",TECHNOLOGY DEVELOPMENT CORP,3825,8
LeMaitre Vascular,LEMAITRE VASCULAR INC,3841,8
Adagio Medical,ADAGIO MEDICAL HOLDINGS INC,3841,8
Hudson Biotech,HUDSON LTD,5399,8
"Avinger, Inc.",AVINGER INC,3841,8
"Cala Health, Inc.",CALA CORP,5812,8
"GRAIL, Inc.",GRAIL INC,8071,8
Danone Nutricia,DANONE SA,2000,8
InspireMD,INSPIREMD INC,3841,8
USANA Health Sciences,USANA HEALTH SCIENCES INC,2833,8
"Alphatec Spine, Inc.",ALPHATEC HOLDINGS INC,3841,8
Medtronic Spine LLC,MEDTRONIC PLC,3845,8
LifeCell,LIFECELL CORP,3841,8
PolyPid Ltd.,POLYPID LTD,3841,7
Infinite Biomedical Technologies,INFINITE GROUP INC,7372,7
Soliton,SOLITON INC,3841,7
DJO UK Ltd,DJO INC,3842,7
"K2M, Inc.",K2M GROUP HOLDINGS INC,3841,7
"Presidio Pharmaceuticals, Inc.",PRESIDIO INC,5045,7
"Beijing Inno Medicine Co., Ltd.",INNO HOLDINGS INC,3317,7
Nova Biomedical,NOVA LTD,3827,7
UnitedHealth Group,UNITEDHEALTH GROUP INC,6324,7
T2 Biosystems,T2 BIOSYSTEMS INC,3841,7
"National Health Promotion Associates, Inc.",AG ASSOCIATES INC,3559,7
Fractyl Health Inc.,FRACTYL HEALTH INC,3841,7
Artivion Inc.,ARTIVION INC,3841,7
Nyxoah S.A.,NYXOAH S A,3841,7
"Cerus Endovascular, Inc.",CERUS CORP,3841,7
"SurModics, Inc.",SURMODICS INC,3841,7
Applied Spectral Imaging Ltd.,APPLIED IMAGING CORP,3841,7
SeaStar Medical,SEASTAR MEDICAL HOLDING CORP,3841,7
Pharmacia,PHARMACIA CORP,2800,7
Vascular Solutions LLC,VASCULAR SOLUTIONS INC,3841,7
Imperial Brands PLC,IMPERIAL BRANDS PLC,2100,7
"Bluejay Diagnostics, Inc.",BLUEJAY DIAGNOSTICS INC,3841,7
Luminex Corporation,LUMINEX CORP,3841,7
Anteris Technologies Ltd.,ANTERIS TECHNOLOGIES GLBL CP,3842,6
Accenture,ACCENTURE PLC,7389,6
"Baxano Surgical, Inc.",BAXANO SURGICAL INC,3841,6
"EBR Systems, Inc.",PLC SYSTEMS INC,3845,6
Stryker Craniomaxillofacial,STRYKER CORP,3841,6
Vascular Graft Solutions Ltd.,VASCULAR SOLUTIONS INC,3841,6
Accuray Incorporated,ACCURAY INC,3841,6
"Obalon Therapeutics, Inc.",OBALON THERAPEUTICS INC,3841,6
Beam Therapeutics Inc.,BEAM INC,2080,6
"Align Technology, Inc.",ALIGN TECHNOLOGY INC,3842,6
Abt Associates,AG ASSOCIATES INC,3559,6
"Minerva Surgical, Inc.",MINERVA SURGICAL INC,3841,6
Stryker Japan K.K.,STRYKER CORP,3841,6
"Medifast, Inc.",MEDIFAST INC,2090,6
"Medco Health Solutions, Inc.",MEDCO HEALTH SOLUTIONS INC,5912,6
"Thryv Therapeutics, Inc.",THRYV HOLDINGS INC,7310,6
Stryker Instruments,STRYKER CORP,3841,6
Femasys Inc.,FEMASYS INC,3841,6
"Pioneer Surgical Technology, Inc.",PIONEER CORP,3651,6
MD Stem Cells,STEM INC,7373,6
Ingredion Incorporated,INGREDION INC,2040,6
Wex Pharmaceuticals Inc.,WEX INC,7389,6
"Rock Creek Pharmaceuticals, Inc.",ROCK CREEK PHARMACEUTICALS,2833,6
Savient Pharmaceuticals,SAVIENT PHARMACEUTICALS INC,2833,6
Angiotech Pharmaceuticals,ANGIOTECH PHARMACEUTICALS,3841,6
Kenvue Brands LLC,KENVUE INC,2844,6
BioMimetic Therapeutics,BIOMIMETIC THERAPEUTICS INC,3841,6
Science Corporation,AMERICAN SCIENCE ENGINEERING,3844,6
Reckitt Benckiser Inc.,BENCKISER NV,2840,6
Volta Medical,VOLTA INC,3790,6
Newport Pharmaceuticals International,NEWPORT CORP,3821,6
Smart Alfa Teknoloji San. ve Tic. A.S.,ALFA CORP,6331,6
Fitbit LLC,FITBIT INC,3571,5
IceCure Medical Ltd.,ICECURE MEDICAL LTD,3841,5
GW Research Ltd,RESEARCH INC,3567,5
"GT Medical Technologies, Inc.",BIOJECT MEDICAL TECHNOLOGIES,3841,5
"Endeavor Biomedicines, Inc.",ENDEAVOR GROUP HOLDINGS,7900,5
"Genomic Health®, Inc.",GENOMIC HEALTH INC,8071,5
"Spire, Inc.",SPIRE INC,4924,5
"Gwo Xi Stem Cell Applied Technology Co., Ltd.",STEM INC,7373,5
Stryker South Pacific,STRYKER CORP,3841,5
"SpyGlass Pharma, Inc.",SPYGLASS INC,7372,5
Staar Surgical Company,STAAR SURGICAL CO,3851,5
Inogen Inc.,INOGEN INC,3842,5
Innervate Radiopharmaceuticals LLC (Formerly: Illumina Radiopharmaceuticals LLC),ILLUMINA INC,3826,5
General Mills,GENERAL MILLS INC,2040,5
Emerald Clinical Inc.,EMERALD HOLDING INC,7389,5
Celcuity Inc,CELCUITY INC,8071,5
"CDA Research Group, Inc.",RESEARCH INC,3567,5
"Shandong Qilu Stem Cells Engineering Co., Ltd.",STEM INC,7373,5
"Metro International Biotech, LLC",METRO INTERNATIONAL SA,2711,5
"Boston Intelligent Medical Research Center, Shenzhen United Scheme Technology Co., Ltd.",BOSTON TECHNOLOGY INC,3661,5
Blue Note Therapeutics,BLUE HOLDINGS INC,2300,5
Better Therapeutics,BETTER THERAPEUTICS INC,8000,5
"Nielsen BioSciences, Inc.",NIELSEN HOLDINGS PLC,7389,5
Nova Laboratories Limited,NOVA LTD,3827,5
BSP Biological Signal Processing Ltd.,SIGNAL CORP,6035,5
Nova Pneuma Inc.,NOVA LTD,3827,5
"Vedanta Biosciences, Inc.",VEDANTA LTD,1000,5
"On Target Laboratories, LLC",TARGET CORP,5331,5
Reunion Neuroscience Inc,REUNION NEUROSCIENCE INC,8000,5
Outset Medical,OUTSET MEDICAL INC,3845,5
Viveve Inc.,VIVEVE MEDICAL INC,3845,5
Perfect Care Distribution,PERFECT CORP,7372,5
"Water Pik, Inc.",WATER PIK TECHNOLOGIES INC,3634,5
"Remedy Pharmaceuticals, Inc.",REMEDY CORP,7372,5
Plus Therapeutics,PLUS THERAPEUTICS INC,3841,5
"Prism Pharma Co., Ltd.",PRISM GROUP INC,7370,5
A.M.I. Agency for Medical Innovations GmbH,MEDICAL INNOVATIONS INC,8082,5
"Toshiba America Medical Systems, Inc.",TOSHIBA CORP,3570,5
Myomo,MYOMO INC,3842,5
Laboratoire Innotech International,INNOTECH INC,3827,5
Lyra Therapeutics,LYRA THERAPEUTICS INC,3841,5
Tela Bio Inc,TELA BIO INC,3841,5
"JC Medical, Inc., an affiliate of Edwards Lifesciences LLC",EDWARDS LIFESCIENCES CORP,3842,5
Invitae Corporation,INVITAE CORP,8071,5
Ekso Bionics,EKSO BIONICS HOLDINGS INC,3569,5
Taris Biomedical LLC,TALIS BIOMEDICAL CORP,3826,5
"Lineage Cell Therapeutics, Inc.",LINEAGE INC,6798,5
Lombard Medical,LOMBARD MEDICAL TECH PLC,3841,5
"Lucid Diagnostics, Inc.",LUCID DIAGNOSTICS INC,3841,5
Conor Medsystems,CONOR MEDSYSTEMS INC,3841,5
"Magna Pharmaceuticals, Inc.",MAGNA GROUP INC,6021,5
Materialise,MATERIALISE NV,7372,5
Mazor Robotics,MAZOR ROBOTICS LTD,3841,5
"China Resources Sanjiu Medical & Pharmaceutical Co., Ltd.",MEDICAL RESOURCES INC,8071,5
Quantum Beauty Kozmetik,QUANTUM CORP,3572,4
Groupe SEBBIN,GROUPE AB SA,7812,4
PMD Solutions,PDF SOLUTIONS INC,7372,4
Quantum Biopharma,QUANTUM CORP,3572,4
ProSomnus Sleep Technologies,PROSOMNUS INC,3841,4
"PriCara, Unit of Ortho-McNeil, Inc.",UNIT CORP,1311,4
Pharma Holdings AS,FORWARD PHARMA AS,8880,4
Quantum Surgical,QUANTUM CORP,3572,4
"Renalytix AI, Inc.",RENALYTIX PLC,8071,4
"Kai Medical, Inc.",ATI MEDICAL INC,7350,4
Kensey Nash Corporation,KENSEY NASH CORP,3841,4
Medtronic Corporate Technologies and New Ventures,MEDTRONIC PLC,3845,4
Smith & Nephew Medical (Shanghai) Ltd,SMITH & NEPHEW PLC,3842,4
Sky Labs,SKY PLC,8880,4
Rex Medical,TREX MEDICAL CORP,3844,4
Optimal Acuity Corporation,OPTIMAL GROUP INC,7389,4
Medtronic Italia,MEDTRONIC PLC,3845,4
OM Pharma SA,OM GROUP INC,3990,4
Rogers Sciences Inc.,ROGERS CORP,2821,4
LensAR Incorporated,LENSAR INC,3841,4
"Novadaq Technologies ULC, now a part of Stryker",NOVADAQ TECHNOLOGIES INC,3845,4
"NovaDigm Therapeutics, Inc.",NOVADIGM INC,7372,4
Hoechst Marion Roussel,HOECHST AG,8880,4
Solta Medical,SOLTA MEDICAL INC,3845,4
Hummingbird Bioscience,HUMMINGBIRD LTD,7372,4
"Sichuan J.Z. Bio-chemical Science and Technology Development Co., Ltd",TECHNOLOGY DEVELOPMENT CORP,3825,4
"Shenzhen Raysight Intelligent Medical Technology Co., Ltd.",INTELLIGENT GROUP LTD,8742,4
Stryker Sustainability Solutions,STRYKER CORP,3841,4
"iRhythm Technologies, Inc.",IRHYTHM TECHNOLOGIES INC,3841,4
Animas Corporation,ANIMAS CORP,3842,4
"Westlake Pharmaceuticals (Hangzhou) Co., Ltd.",WESTLAKE CORP,2860,4
"Biodesix, Inc.",BIODESIX INC,8071,4
BioNova Pharmaceuticals (Shanghai) LTD.,BIONOVA HOLDING CORP,0700,4
G & W Laboratories Inc.,W HOLDING CO INC,6022,4
Validus Pharmaceuticals,VALIDUS HOLDINGS LTD,6331,4
Beijing Union Pharmaceutical Factory Ltd,UNION CORP,7320,4
"ConBio, a Cynosure Company",CYNOSURE INC,3845,4
Aerogen Pharma Limited,AEROGEN INC,3841,4
Creative Medical Technology Holdings Inc,CREATIVE TECHNOLOGY LTD,3577,4
"Crown Laboratories, Inc.",CROWN LABORATORIES INC/DE,2090,4
GI View Ltd.,VIEW INC,3211,4
Danone Japan,DANONE SA,2000,4
Aradigm Corporation,ARADIGM CORP,3845,4
Envoy Medical Corporation,ENVOY MEDICAL INC,3842,4
Engelhard Arzneimittel GmbH & Co.KG,ENGELHARD CORP,2810,4
Turtle Shell Technologies Pvt. Ltd.,SHELL PLC,1311,4
Allurion Technologies,ALLURION TECHNOLOGIES INC,3841,4
Daxor Corporation,DAXOR CORP,3841,4
TearLab Corporation,TEARLAB CORP,3841,4
"Accelerate Diagnostics, Inc.",ACCELERATE DIAGNOSTICS INC,3826,4
American Gene Technologies International Inc.,AMERICAN INTERNATIONAL GROUP,6331,4
CV Technologies,CV HOLDINGS INC,6798,4
Blue Marble Rehab Inc,BLUE HOLDINGS INC,2300,4
Ability Pharmaceuticals SL,ABILITY INC,3669,4
Ceribell Inc.,CERIBELL INC,3845,4
Capstone Therapeutics,CAPSTONE THERAPEUTICS CORP,5030,4
"Treace Medical Concepts, Inc.",TREACE MEDIC CNCPTS INC,3841,4
Castle Biosciences Incorporated,CASTLE BIOSCIENCES INC,8071,4
Surgical Information Sciences Inc.,INFORMATION HOLDINGS INC,2731,4
Medtronic Heart Valves,MEDTRONIC PLC,3845,3
Nuo Therapeutics,NUO THERAPEUTICS INC,3841,3
Sinclair Pharmaceuticals Limited,SINCLAIR INC,4833,3
"Nutrisystem, Inc.",NUTRISYSTEM INC,5961,3
CytoSorbents Europe GmbH,CYTOSORBENTS CORP,3841,3
"Sequel Pharmaceuticals, Inc",SEQUEL CORP,3842,3
"Kips Bay Medical, Inc.",KIPS BAY MEDICAL INC,3841,3
Olympus Corporation,OLYMPUS CAPITAL CORP,4841,3
Medical Research Laboratories International,RESEARCH MEDICAL INC,3841,3
Sunrise,SUNRISE MEDICAL INC,3842,3
Sensus Healthcare,SENSUS HEALTHCARE INC,3841,3
"Sera Prognostics, Inc.",SERA PROGNOSTICS INC,8071,3
Danone Specialized Nutrition Indonesia,DANONE SA,2000,3
Datascope Corp.,DATASCOPE CORP,3845,3
DePuy Mitek,DEPUY INC,3842,3
"DePuy Synthes Products, Inc.",DEPUY INC,3842,3
"Amplitude Vascular Systems, Inc.",AMPLITUDE INC,7372,3
BrightView LLC,BRIGHTVIEW HOLDINGS,0700,3
Ion Beam Applications,BEAM INC,2080,3
Atlas Biomed,ATLAS CORP,4412,3
LifeTime Pharmaceuticals,LIFETIME CORP,8082,3
Medtronic Diabetes R&D Denmark,MEDTRONIC PLC,3845,3
"Nexgen Dermatologics, Inc.",NEXGEN INC,3674,3
"Chengdu Baiyu Pharmaceutical Co., Ltd.",BAIYU HOLDINGS INC,5050,3
"Nanogen, Inc.",NANOGEN INC,3826,3
Shulov Innovate for Science Ltd. 2012,INNOVATE CORP,3440,3
"Bird Rock Bio, Inc.",BIRD CORP,5030,3
Movano Health,MOVANO INC,7374,3
"Navigator Medicines, Inc.",NAVIGATOR HOLDINGS LTD,4412,3
"Valeritas, Inc.",VALERITAS HOLDINGS INC,3841,3
Care Team Solutions,TEAM INC,7600,3
"Cardiogenesis Corporation, a wholly-owned subsidiary of CryoLife, Inc.",CARDIOGENESIS CORP,3842,3
"Behavior Therapy Associates, LLP",AG ASSOCIATES INC,3559,3
"Nova Eye, Inc.",NOVA LTD,3827,3
EVE Medical Systems Ltd.,PLC SYSTEMS INC,3845,3
Noah Labs,NOAH HOLDINGS LIMITED,6282,3
Luminex Molecular Diagnostics,LUMINEX CORP,3841,3
"Cardinal Health 414, LLC",CARDINAL HEALTH INC,5122,3
Lument AB,LUMENT FINANCE TRUST INC,6798,3
Conavi,CONAVI MEDICAL CORP,3845,3
"Lucid, Inc.",LUCID GROUP INC,3711,3
Longevity Inc.,LONGEVITY HEALTH HLDINGS INC,2840,3
Northstar Neuroscience,NORTHSTAR NEUROSCIENCE INC,3845,3
"Ningbo Newbay Technology Development Co., Ltd",TECHNOLOGY DEVELOPMENT CORP,3825,3
"CW Optics, Inc.",QC OPTICS INC,3550,3
Polaris Health Directions,POLARIS INC,3790,3
Pinnacle Biologics Inc.,PINNACLE HOLDINGS INC,6798,3
InVivo Therapeutics,INVIVO THERAPEUTICS HLDGS CO,3841,3
"Alio, Inc.",ALIO GOLD INC,1040,3
Hansen Medical,HANSEN MEDICAL INC,3842,3
"Perfect Lens, LLC",PERFECT CORP,7372,3
Aethlon Medical Inc.,AETHLON MEDICAL INC,3841,3
"Professional Disposables International, Inc.",PROFESSIONAL HOLDING CORP,6021,3
Stryker Endoscopy,STRYKER CORP,3841,3
GCP-Service International West GmbH,WEST CORP,7389,3
Ra Medical Systems,PLC SYSTEMS INC,3845,3
"Sonendo, Inc.",SONENDO INC,3843,3
Stryker Biotech,STRYKER CORP,3841,3
Foundation Medicine,FOUNDATION MEDICINE INC,8071,3
Hologic Deutschland GmbH,HOLOGIC INC,3844,3
"Advanced Brain Monitoring, Inc.",ADVANCED MONITORING SYS INC,1389,3
G Medical Innovations Ltd.,G MEDICAL INNOVATIONS HLDGS,3841,3
Xtant Medical,XTANT MEDICAL HOLDINGS INC,3841,3
"Star Scientific, Inc",STAR HOLDINGS,6519,3
Prism Pharmaceuticals,PRISM GROUP INC,7370,3
AEYE Health Inc,AEYE INC,3714,3
Harbinger Health,HARBINGER CORP,7370,3
Gateway Health Alliance,GATEWAY INC,3571,3
Swedish Match AB,SWEDISH MATCH AB,2111,3
"Global Stem Cell Center, Baghdad",STEM INC,7373,3
"Respironics, California, Inc.",RESPIRONICS INC,3842,3
Emerald Health Pharmaceuticals,EMERALD HOLDING INC,7389,3
R3 Stem Cell,STEM INC,7373,3
"22nd Century Group, Inc.",22ND CENTURY GROUP INC,2111,3
Guided Therapeutics,GUIDED THERAPEUTICS INC,3845,3
Talkspace,TALKSPACE INC,8000,3
Stem Cell Therapeutics Corp.,STEM INC,7373,3
EverEx Inc.,EVEREX SYSTEMS INC,3571,3
Swiss Footcare Laboratories - Poderm Professional,PROFESSIONAL HOLDING CORP,6021,3
"Pear Therapeutics, Inc.",PEAR THERAPEUTICS INC,8000,3
"Q Therapeutics, Inc.",CHAD THERAPEUTICS INC,3842,2
"Twin Star Medical, Inc.",STAR HOLDINGS,6519,2
Univar BV,UNIVAR CORP,5160,2
Bio-Rad Laboratories,BIO-RAD LABORATORIES INC,3826,2
ProCore Ltd.,PROCORE TECHNOLGY INC,7372,2
Pulmonx International Sàrl,PULMONX CORP,3841,2
Midas Pharma GmbH,MIDAS INC,5010,2
National Services for Health Improvement Ltd,NATIONAL HOLDINGS CORP,6200,2
Blue Earth Therapeutics Ltd,BLUE EARTH INC,4991,2
"BioSig Technologies, Inc.",BIOSIG TECHNOLOGIES INC,3845,2
Nanovibronix,NANOVIBRONIX INC,3842,2
"ATI Holdings, LLC",ATI INC,5140,2
"4C Medical Technologies, Inc.",BIOJECT MEDICAL TECHNOLOGIES,3841,2
Semler Scientific,SEMLER SCIENTIFIC INC,3845,2
Molekule,MOLEKULE GROUP INC,3564,2
ZS Associates,AG ASSOCIATES INC,3559,2
Blue Lake Biotechnology Inc.,BLUE HOLDINGS INC,2300,2
NMT Medical,NMT MEDICAL INC,3841,2
"ROM Technologies, INC",RCM TECHNOLOGIES INC,7363,2
"SenoRx, Inc.",SENORX INC,3841,2
"RTM Vital Signs, LLC",VITAL SIGNS INC,3841,2
NEC Bio B.V,NEC CORP,3570,2
AIQ Solutions,ASI SOLUTIONS INC,7361,2
Blue Blood Biotech Corp.,BLUE HOLDINGS INC,2300,2
Boston Scientific Japan K.K.,BOSTON SCIENTIFIC CORP,3841,2
"PAQ Therapeutics, Inc.",PEAR THERAPEUTICS INC,8000,2
"Presidio Medical, Inc",PRESIDIO INC,5045,2
"Nexgen Pharma, Inc",NEXGEN INC,3674,2
Aleris Obesity,ALERIS CORP,3341,2
Nuvectra,NUVECTRA CORP,3841,2
Aspen Global Incorporated,ASPEN GROUP INC,8200,2
Asensus Surgical,ASENSUS SURGICAL INC,3841,2
Ascendis Pharma Oncology Division A/S,ONCOLOGY PHARMA INC,7372,2
Pearson/Clinical Assessment,PEARSON PLC,2731,2
Asahi Kasei Pharma America Corporation,ASAHI/AMERICA INC,3081,2
Aptorum International Limited,APTORUM GROUP LIMITED,3829,2
Allegro NV/SA,ALLEGRO BIODIESEL CORP,2860,2
"Orchestra BioMed, Inc",ORCHESTRA BIOMED HOLDING INC,3841,2
PTS International Inc.,FTS INTERNATIONAL INC,1389,2
"Vivani Medical, Inc",VIVANI MEDICAL INC,3845,2
Origin Inc.,DIGITAL ORIGIN INC,7372,2
Orion Biotechnology Polska Sp. z o.o.,ORION SA,2890,2
"Alpine Immune Sciences Inc, A Subsidiary of Vertex",VERTEX INC,7372,2
Viewray Inc.,VIEWRAY INC,3845,2
Orthovita d/b/a Stryker,ORTHOVITA INC,3841,2
Vital Signs Solutions Ltd,VITAL SIGNS INC,3841,2
"Restoration Robotics, Inc.",RESTORATION ROBOTIC INC,3845,2
Rostrum Medical Innovations Inc.,MEDICAL INNOVATIONS INC,8082,2
"Perle Bioscience, Inc.",PURE BIOSCIENCE INC,2890,2
WW International Inc,WW INTERNATIONAL INC,7200,2
"Noah Tech, Corp.",NOAH HOLDINGS LIMITED,6282,2
Prenetics Global,PRENETICS GLOBAL LTD,3826,2
"Acuity Polymers, Inc.",ACUITY INC,3640,2
Adom Advanced Optical Technologies Ltd.,GT ADVANCED TECHNOLOGIES INC,3674,2
PAVmed Inc.,PAVMED INC,3841,2
Noah Medical,NOAH HOLDINGS LIMITED,6282,2
Plexus Worldwide,PLEXUS CORP,3672,2
Beauty Health,BEAUTY HEALTH CO (THE),3841,2
Beam,BEAM INC,2080,2
Remedy,REMEDY CORP,7372,2
Atlas Molecular Pharma,ATLAS CORP,4412,2
Beachbody,BEACHBODY CO INC (THE),5960,2
Bausch & Lomb GmbH,BAUSCH & LOMB HLDGS  -REDH,3851,2
Nova Mentis Life Science Corp,NOVA LTD,3827,2
"Remedy Plan, Inc.",REMEDY CORP,7372,2
BRC Operations Pty. Ltd.,BRC HOLDINGS INC,7370,2
Avant Immunotherapeutics,AVANT CORP,7372,2
NovaMed Pharmaceuticals Inc.,NOVAMED INC,8090,2
Vasogen,VASOGEN INC,3841,2
"Building Block Nutritionals, LLC",BLOCK INC,7372,2
Sudimplant SAS - Groupe TBR,GROUPE AB SA,7812,2
"CAO Group, Inc.",NCO GROUP INC,7320,2
CBA Research,RESEARCH INC,3567,2
Intelligent Bio Solutions Inc.,INTELLIGENT GROUP LTD,8742,2
Inverness Medical Innovations,MEDICAL INNOVATIONS INC,8082,2
"Invuity, Inc.",INVUITY INC,3841,2
Teladoc Health,TELADOC HEALTH INC,8011,2
"Jenny Craig, Inc.",CRAIG (JENNY) INC,7200,2
De Motu Cordis,CORDIS CORP,3841,2
Smith & Nephew Orthopaedics (Beijing) Limited,SMITH & NEPHEW PLC,3842,2
Kellogg Company,WK KELLOGG CO,2040,2
Danone Specialized Nutrition (M) Sdn Bhd,DANONE SA,2000,2
Tenon Medical,TENON MEDICAL INC,3841,2
Endra Lifesciences,ENDRA LIFE SCIENCES INC,3845,2
Danone Early Life Nutrition Brazil,DANONE SA,2000,2
"LKC Technologies, Inc.",QLIK TECHNOLOGIES INC,7372,2
The Boeing Company,BOEING CO,3721,2
The Coca-Cola Company,COCA-COLA CO,2080,2
Leaf Vertical Inc.,LEAF GROUP LTD,7374,2
"Lexent Bio, Inc.",LEXENT INC,7385,2
"Liaoning Medical Diagnosis and Treatment Technology Research and Development Co., Ltd.",TECHNOLOGY DEVELOPMENT CORP,3825,2
"Covidien, GI Solutions",COVIDIEN PLC,3841,2
The Dial Corporation,DIAL CORPORATION,2840,2
"EndoChoice Innovation Center, Ltd.",ENDOCHOICE HOLDINGS INC,3841,2
Solventum Orthodontics Corporation,SOLVENTUM CORP,3841,2
Lorillard Tobacco Company,LORILLARD INC,2111,2
Hummingbird Diagnostics,HUMMINGBIRD LTD,7372,2
Stryker Spine,STRYKER CORP,3841,2
GenMark Diagnostics,GENMARK DIAGNOSTICS INC,3841,2
Switch Health Solutions Inc.,SWITCH INC,7370,2
Gaia Medical Institute,GAIA INC,7812,2
HealthWatch Ltd.,HEALTHWATCH INC,7389,2
"HeartBeam, Inc.",HEARTBEAM INC,3841,2
Gaia Herbs Inc.,GAIA INC,7812,2
Histogenics Corporation,HISTOGENICS CORP,3842,2
Fresenius Medical Care Korea,FRESENIUS MEDICAL CARE AG,8090,2
"Freedom Laser, Inc.",FREEDOM HOLDING CORP,6211,2
"Engage Therapeutics, Inc.",ENGAGE INC,7389,2
"Freedom Laser Therapy, Inc.",FREEDOM HOLDING CORP,6211,2
FoxHollow Technologies,FOXHOLLOW TECHNOLOGIES INC,3841,2
IMS HEALTH GmbH & Co. OHG,IMS HEALTH HOLDINGS INC,7374,2
"IR Technology, LLC",SIRF TECHNOLOGY HOLDINGS INC,3674,2
"ITF Research Pharma, S.L.U.",RESEARCH INC,3567,2
"Fortis Therapeutics, Inc.",FORTIS INC,4911,2
Sonic Incytes,SONIC CORP,5812,2
Immunicon,IMMUNICON CORP/DE,3826,2
Indigo Diabetes NV,INDIGO NV,3555,2
1QB Information Technologies Inc.,INFORMATION HOLDINGS INC,2731,2
Danone Specialized Nutrition,DANONE SA,2000,2
Topical Remedy,REMEDY CORP,7372,2
Catheter Precision. Inc.,CATHETER PRECISION INC,3841,2
Codexis Inc.,CODEXIS INC,2860,2
CONMED Corporation,CONMED CORP,3845,2
"MDI Therapeutics, Inc.",MDI INC,3861,2
Siemens Medical Solutions USA - CSG,SIEMENS AG,3600,2
Siemens Healthcare QT,SIEMENS AG,3600,2
Medtronic Hellas Medical Devices ΑEE,MEDTRONIC PLC,3845,2
CardioDynamics,CARDIODYNAMICS INTL CORP,3845,2
"Coherent Biopharma (Suzhou) Co., Ltd.",COHERENT INC,3826,2
Siemens Healthcare Diagnostics Inc,SIEMENS AG,3600,2
"Third Harmonic Bio, Inc.",HARMONIC INC,3663,2
Tivic Health Systems,TIVIC HEALTH SYSTEMS INC,3845,2
Luxottica Group S.p.A.,LUXOTTICA GROUP SPA,3851,2
MedDerm Associates,AG ASSOCIATES INC,3559,2
Maxim Pharmaceuticals,MAXIM PHARMACEUTICALS INC,2833,2
"Thermo Fisher Scientific, Inc",THERMO FISHER SCIENTIFIC INC,3829,2
"Medtronic Xomed, Inc.",MEDTRONIC PLC,3845,2
Chase Therapeutics Corporation,CHASE CORP,3640,2
Thomas Advanced Medical LLC,THOMAS GROUP INC,8742,2
Sensus,SENSUS HEALTHCARE INC,3841,1
"TKL Research, Inc.",RESEARCH INC,3567,1
Stem Cell Medicine Ltd.,STEM INC,7373,1
World Heart Corporation,WORLD HEART CORP,3845,1
"The West Clinic, Memphis",WEST CORP,7389,1
Speech Technology and Applied Research Corp.,TECHNOLOGY RESEARCH CORP,3613,1
"Westwood Institute for Anxiety Disorders, Inc",WESTWOOD GROUP INC,7948,1
Titan Spine,TITAN CORP,7373,1
Sophia Genetics SAS,SOPHIA GENETICS SA,7374,1
Westlake Therapeutics,WESTLAKE CORP,2860,1
"Titan Condoms, LLC",TITAN CORP,7373,1
"Remedy Robotics, Inc.",REMEDY CORP,7372,1
Tilray,TILRAY BRANDS INC,2833,1
TPM Medical Systems Ltd.,PLC SYSTEMS INC,3845,1
"Tianjin Ever Union Biotechnology Co., Ltd.",UNION CORP,7320,1
Vyant Bio,VYANT BIO INC,8071,1
Sensible Medical Innovations Ltd.,MEDICAL INNOVATIONS INC,8082,1
Stem Med Pte. Ltd.,STEM INC,7373,1
Yellow Jersey Therapeutics AG,YELLOW CORP,4213,1
Real Time Diagnostics Ventures INC,TIME INC,2721,1
iCo Therapeutics Inc.,ICO INC,3089,1
Surgalign Spine Technologies,SURGALIGN HOLDINGS INC,3842,1
eXRt Intelligent Healthcare,INTELLIGENT GROUP LTD,8742,1
"Surgical Innovation Associates, Inc.",AG ASSOCIATES INC,3559,1
RE.DOCTOR LLC,COMPANY DOCTOR,8093,1
R.A.W. - S.R.L.,W HOLDING CO INC,6022,1
Shamir Optical Industry Ltd,SHAMIR OPTICAL INDUSTRY LTD,3851,1
"Shaanxi Giant Biotechnology Co., Ltd",GIANT GROUP LTD,9995,1
Syneron Candela,CANDELA CORP,3845,1
"TrueVision Systems, Inc",TRUEVISION INC,3571,1
"Zynex Medical, Inc.",ZYNEX INC,3845,1
"Toshiba Medical Systems Corporation, Japan",TOSHIBA CORP,3570,1
Stryker GI Ltd.,STRYKER CORP,3841,1
"Toro Neurovascular, Inc.",TORO CO,3524,1
"Szabocsik and Associates, Inc.",AG ASSOCIATES INC,3559,1
ReDent Nova,NOVA LTD,3827,1
Stryker Australia Pty Ltd.,STRYKER CORP,3841,1
Strata Medical Innovations,MEDICAL INNOVATIONS INC,8082,1
Shanghai Geping Information Technology Company,INFORMATION HOLDINGS INC,2731,1
"ZIN Technologies, Inc.",ZING TECHNOLOGIES INC,3674,1
York Sound Inc,YORK GROUP INC,3990,1
"TSI, LLC",TSI CORP,8734,1
"TARIS Biomedical, Inc.",TALIS BIOMEDICAL CORP,3826,1
"TRex Bio, Inc.",TREX CO INC,2400,1
Vitamin Energy®,NV ENERGY INC,4931,1
"Tactile Systems Technology, Inc.",TACTILE SYSTEMS TECHNOLOGY,3841,1
"Santech, Inc",SANTECH HOLDINGS LTD -ADR,6282,1
Vector Y Therapeutics,VECTOR GROUP LTD,2111,1
Sirona Dental Systems GmbH,SIRONA DENTAL SYSTEMS INC,3843,1
"Sinclair Technologies, LLC",SINCLAIR INC,4833,1
"Silverchair Science & Communications, LLC",B COMMUNICATIONS LTD,4899,1
Siemens Medical Solutions,SIEMENS AG,3600,1
Rowan,ROWAN COMPANIES LTD,1381,1
Thermo Fisher Scientific Oy,THERMO FISHER SCIENTIFIC INC,3829,1
Signal Relief,SIGNAL CORP,6035,1
Vector Vitale LLC,VECTOR GROUP LTD,2111,1
Rowdy Energy,NV ENERGY INC,4931,1
"Signal House Co., Ltd.",SIGNAL CORP,6035,1
Unigene Laboratories Inc.,UNIGENE LABORATORIES INC,2833,1
Vascular Neurology of Southern California Inc.,SOUTHERN CO,4911,1
SFI Research,RESEARCH INC,3567,1
Sigma Tau Research Switzerland SA,SIGMA RESEARCH INC,3827,1
SGX Nova LLC,NOVA LTD,3827,1
Varian Medical Systems,VARIAN MEDICAL SYSTEMS INC,3845,1
Theragenics Corporation,THERAGENICS CORP,3825,1
"SK Telecom Americas, Inc.",SK TELECOM CO LTD,4812,1
The Hillshire Brands Company,HILLSHIRE BRANDS CO,2000,1
SPIRE Therapeutics Inc.,SPIRE INC,4924,1
The Learning Corp,LEARNING CO INC,7372,1
Valhalla Project Niagara,NIAGARA CORP,3317,1
Texas Plastic Surgery,PLASTIC SURGERY CO,8741,1
"Veracyte, Inc.",VERACYTE INC,8071,1
Siemens Healthcare A/S,SIEMENS AG,3600,1
Unilever Israel,UNILEVER PLC,2840,1
"Thomas Wright, MD",THOMAS GROUP INC,8742,1
The Perfect Series Sdn Bhd,PERFECT CORP,7372,1
"Research Center, LLC",LEGAL RESEARCH CENTER INC,8111,1
Target Health Inc.,TARGET CORP,5331,1
Resolution Blue Labs Inc,BLUE HOLDINGS INC,2300,1
Thomas Antalffy,THOMAS GROUP INC,8742,1
Target Tape,TARGET CORP,5331,1
Team Foods Colombia S.A.,TEAM INC,7600,1
Restore Medical Ltd,RESTORE MEDICAL INC,3842,1
Team Working Life Denmark,TEAM INC,7600,1
Seer Medical Pty Ltd,SEER INC,3826,1
Visionary Intelligence Ltd.,VISIONARY HOLDINGS INC,8200,1
Results Group LLC,NEWGEN RESULTS CORP,7389,1
"Solo Pace, Inc.",PACE HOLDINGS CORP,6770,1
Unilever SEAC,UNILEVER PLC,2840,1
"Vicor Technologies, Inc.",VICOR CORP,3679,1
Smith & Nephew Pte Ltd,SMITH & NEPHEW PLC,3842,1
Verity Pharmaceuticals Inc.,VERITY INC,7374,1
"Siemens Gamesa Renewable Energy Blades, S.A.",SIEMENS AG,3600,1
Riverside Pharmacueticals Corporation,RIVERSIDE GROUP INC,5211,1
R3 Medical Research,RESEARCH MEDICAL INC,3841,1
"1800 Contacts, Inc.",1-800 CONTACTS INC,5961,1
R&R Inc.,BLOCK H & R INC,7200,1
"Clarent Biopharma, Inc.",CLARENT CORP,7372,1
Danone North America,DANONE SA,2000,1
"Dalian Holley Kingkong Pharmaceutical Co., Ltd",HOLLEY INC,3714,1
"DHA Coffee Co., Ltd",COFFEE HOLDING CO INC,2090,1
Cyanotech Corporation,CYANOTECH CORP,2833,1
Core Scientific Creations Ltd.,CORE SCIENTIFIC INC,6199,1
Conmed Pharmaceutical & Bio-Medical Corporation,CONMED CORP,3845,1
Concha Inc.,VINA CONCHA Y TORO SA,5180,1
Concept Medicals BV,CONCEPT INC,3845,1
"Concentra AI, inc",CONCENTRA CORP,7372,1
ConMed Linvatec Beijing,CONMED CORP,3845,1
"Computer Technology Associates, Inc.",AG ASSOCIATES INC,3559,1
"Coherent Biopharma (Hefei) Co., Ltd.",COHERENT INC,3826,1
Cogna Technology Solutions LLC,TECHNOLOGY SOLUTIONS CO,7373,1
City Therapeutics,CITY HOLDING CO,6021,1
Danone Spain,DANONE SA,2000,1
Circadian Therapeutics Ltd,CIRCADIAN INC,3845,1
Circadian Technologies Ltd.,CIRCADIAN INC,3845,1
"Chesson Laboratory Associates, Inc",AG ASSOCIATES INC,3559,1
Certara,CERTARA INC,7372,1
Ceres Heilmittel AG,CERES INC,0100,1
"Celsius Therapeutics, Inc.",CELSIUS HOLDINGS INC,2086,1
"Cellex, Inc.",CELLEX BIOSCIENCES INC,3826,1
Cardinal Health,CARDINAL HEALTH INC,5122,1
Capri Medical Limited,CAPRI HOLDINGS LTD,3100,1
"Canon Medical Systems, USA",CANON INC,3861,1
Candela France,CANDELA CORP,3845,1
Cambridge Heart Inc.,CAMBRIDGE HEART INC,3845,1
"CORD, LLC",GLOBAL CORD BLOOD CORP,8090,1
Danone Nutricia SpA Società Benefit,DANONE SA,2000,1
Datascope Patient Monitoring,DATASCOPE CORP,3845,1
CHX Technologies Inc.,ICX TECHNOLOGIES INC,3826,1
"Everest Medicines (China) Co.,Ltd.",EVEREST GROUP LTD,6331,1
Genesis Limited,GENESIS WORLDWIDE INC-OLD,3540,1
Gene Signal SAS,SIGNAL CORP,6035,1
Gateway Pharmaceutical LLC,GATEWAY INC,3571,1
"Gateway Biotechnology, Inc.",GATEWAY INC,3571,1
Garmin International,GARMIN LTD,3812,1
GM Associates,AG ASSOCIATES INC,3559,1
GAIA BioMedicine Inc.,GAIA INC,7812,1
Fresenius Medical Care France,FRESENIUS MEDICAL CARE AG,8090,1
"Fresenius Kabi USA, LLC",FRESENIUS USA INC,3841,1
Freedom Meditech,FREEDOM HOLDING CORP,6211,1
Freedom For All Diagnostics,FREEDOM HOLDING CORP,6211,1
Focal Healthcare Inc.,FOCAL INC,3841,1
"Express Rx, Inc",EXPRESS INC,5600,1
"Everest Medicines (Beijing) Co., Ltd.",EVEREST GROUP LTD,6331,1
Diablo Eye Associates,AG ASSOCIATES INC,3559,1
"Everest Detection, Inc.",EVEREST GROUP LTD,6331,1
EndoChoice Inc.,ENDOCHOICE HOLDINGS INC,3841,1
"Encore Vision, Inc.",ENCORE GROUP INC,3690,1
Encore Medical Inc.,ENCORE MEDICAL CORP,3842,1
Emergent Product Development Seattle LLC,EMERGENT GROUP INC,5090,1
Embecta Corp.,EMBECTA CORP,3841,1
Elevance Health,ELEVANCE HEALTH INC,6324,1
"Electromed, Inc.",ELECTROMED INC,3845,1
Elbit Systems LTD,ELBIT LTD,3690,1
"Edwards (Shanghai) Lifesciences Medical Supplies Co., Ltd.",EDWARDS LIFESCIENCES CORP,3842,1
EP MedSystems,EP MEDSYSTEMS INC,3841,1
Dr. Noah Biotech Inc.,NOAH HOLDINGS LIMITED,6282,1
"Doma Biopharmaceutical（Suzhou）Co., Ltd.",DOMA HOLDINGS INC,6361,1
"CNS Pharmaceuticals, Inc.",CNS INC,3845,1
CFD Research Corporation,RESEARCH INC,3567,1
Quit Genius,GENIUS GROUP LTD,7372,1
Advanced Protein Technologies Corporation,GT ADVANCED TECHNOLOGIES INC,3674,1
Amarna Stem Cells BV,STEM INC,7373,1
Alpine Biotech LLC,ALPINE GROUP INC,3357,1
Alpha Republic GmbH,REPUBLIC CORP,6021,1
Alixer Nexgen Therapeutics Limited,NEXGEN INC,3674,1
Alfa Wassermann Tunisia,ALFA CORP,6331,1
Alfa Intes Industria Terapeutica Splendore s.r.l.,ALFA CORP,6331,1
Aleris Eye,ALERIS CORP,3341,1
"Alcon LenSx, Inc.",ALCON INC,3851,1
Alcamena Stem Cell Therapeutics,STEM INC,7373,1
Afon Technology,ON TECHNOLOGY CORP,7372,1
"Aetna, Inc.",AETNA INC,6324,1
Aesthetic Group,COLLAGEN AESTHETIC INC,3842,1
Aegis Medical Innovations,MEDICAL INNOVATIONS INC,8082,1
"Advanced Aesthetic Technologies, Inc",GT ADVANCED TECHNOLOGIES INC,3674,1
Amway Corp,AMWAY JAPAN LTD,5122,1
Adient Medical,ADIENT PLC,3714,1
"Acuity Medical International, Inc.",ACUITY INC,3640,1
"Acorn Cardiovascular, Inc.",AVECOR CARDIOVASCULAR INC,3841,1
Aclarion,ACLARION INC,8071,1
Academy for Educational Development,EDUCATIONAL DEVELOPMENT CORP,5190,1
AbleLink Smart Living Technologies,SMART TECHNOLOGIES INC,3577,1
"Ability Prosthetics and Orthotics, Inc.",ABILITY INC,3669,1
"ANSwers Neuroscience, Inc.",ANSWERS CORP,7372,1
AKL Research and Development,RESEARCH INC,3567,1
"ABO Holdings, Inc.",WABCO HOLDINGS INC,3711,1
4B Technologies Limited,BK TECHNOLOGIES CORP,3663,1
"22nd Century Limited, LLC",22ND CENTURY GROUP INC,2111,1
20/10 Perfect Vision,PERFECT CORP,7372,1
American International Biotechnology,AMERICAN INTERNATIONAL GROUP,6331,1
Analogic Corporation,ANALOGIC CORP,3825,1
Butterfly Network,BUTTERFLY NETWORK INC,3844,1
"Beijing Gene Key Life Technology Co., Ltd",KEY TECHNOLOGY INC,3550,1
Bruker Daltonics,BRUKER CORP,3826,1
Bone Biologics Corp,BONE BIOLOGICS CORP,3842,1
BnH Research,RESEARCH INC,3567,1
Bionano Genomics,BIONANO GENOMICS INC,3826,1
Biomet Nederland BV,BIOMET INC,3842,1
Biolase Inc,BIOLASE INC,3843,1
"Biocept, Inc.",BIOCEPT INC,8071,1
BioRestorative Therapies,BIORESTORATIVE THERAPIES INC,8090,1
BioMS Technology Corp.,IBIS TECHNOLOGY CORP,3674,1
"Big Blue Biotech, Inc.",BLUE HOLDINGS INC,2300,1
"Best Vascular, Inc.",BEST INC,4210,1
"Berry Genomics Co., Ltd.",BERRY CORP,1311,1
Bellamy's Organic Pty Ltd,ORGANIC INC,8742,1
Behavioral Health of the Palm Beaches,PALM INC,3575,1
Andover Eye Associates,AG ASSOCIATES INC,3559,1
Bark Technology LLP,BARK INC,5990,1
"BEYOND GENOMiX SA, AG, Ltd",BEYOND INC,5961,1
"BEIJING YUANBEN INFORMATION CONSULTING CO., LTD",INFORMATION HOLDINGS INC,2731,1
BE Technologies Inc,BE INC,7373,1
"Avon Products, Inc.",AVON PRODUCTS,2844,1
Aurora Cannabis Inc,AURORA CANNABIS INC,2833,1
Aura,AURA SYSTEMS INC,3690,1
Aspen USA Inc,ASPEN GROUP INC,8200,1
Aspen Neuroscience,ASPEN GROUP INC,8200,1
"Asia Stem Cell Regenerative Pharmaceutical Co., Ltd.",STEM INC,7373,1
Arlene Fink Associates,AG ASSOCIATES INC,3559,1
Andrew Kennedy,ANDREW CORP,3357,1
Andrew Gvozdanovic,ANDREW CORP,3357,1
"Genus Oncology, LLC",GENUS INC,3559,1
Global Research Solutions,RESEARCH SOLUTIONS INC,7389,1
Glucotrack,GLUCOTRACK INC,3841,1
National Enzyme Company,NATIONAL HOLDINGS CORP,6200,1
Nova Vita Laboratory,NOVA LTD,3827,1
Nova Therapeutics LLC,NOVA LTD,3827,1
Nova Laboratories Sdn Bhd,NOVA LTD,3827,1
Nova Immunotherapeutics Limited,NOVA LTD,3827,1
Nova Eye Medical Pty Ltd.,NOVA LTD,3827,1
Nova Argentia S.r.l.,NOVA LTD,3827,1
"Noah Rosenberg, MD",NOAH HOLDINGS LIMITED,6282,1
"Noah Pharmaceuticals, Inc.",NOAH HOLDINGS LIMITED,6282,1
NextGen Company Limited,NEXTGEN HEALTHCARE INC,7373,1
New View Optometric Center,VIEW INC,3211,1
NeuroOne Medical Technologies Corporation,NEUROONE MED TECHNOLOGIES CO,3841,1
"NeuroMetrix, Inc.",NEUROMETRIX INC,3841,1
National Healing Corporation,NATIONAL HOLDINGS CORP,6200,1
"Nanosphere, Inc.",NANOSPHERE INC,3841,1
Nucor,NUCOR CORP,3312,1
NEC Corporation,NEC CORP,3570,1
NATCO Pharma Ltd.,NATCO GROUP INC,3443,1
Move Up SAS,MOVE INC,6531,1
"Monsanto Company, LLC",MONSANTO CO,2870,1
Molex Ventures LLC,MOLEX INC,3678,1
Mitsukoshi Health and Welfare Foundation,FOUNDATION HEALTH CORP,6324,1
"Millennium Magnetic Technologies, LLC",MAGNETIC TECHNOLOGIES CORP,3679,1
"Milestone Scientific, Inc",MILESTONE SCIENTIFIC INC,3842,1
"Microbot Medical, INC",MICROBOT MEDICAL INC,3841,1
"Michael Wilson & Associates Health Care Consulting, LLC",AG ASSOCIATES INC,3559,1
"Metis Associates, Inc.",AG ASSOCIATES INC,3559,1
Meta Healthcare Ltd,META GROUP INC,8700,1
Medtronic Latin America,MEDTRONIC PLC,3845,1
Novamed Laboratories Pvt. Ltd.,NOVAMED INC,8090,1
Nucryst Pharmaceuticals,NUCRYST PHARMACEUTICALS CORP,3841,1
Green Signal Biopharma Private Limited,SIGNAL CORP,6035,1
Physio-Control,PHYSIO-CONTROL INTL CORP,3845,1
Quantum Imaging Limited,QUANTUM CORP,3572,1
"Qualigen Theraputics, Inc.",QUALIGEN THERAPEUTICS INC,6199,1
Qmed Consulting A/S,QMED INC,8090,1
Psychometrix Associates,AG ASSOCIATES INC,3559,1
Prof. Dr. Thomas Forst,THOMAS GROUP INC,8742,1
Procter & Gamble Beauty,PROCTER & GAMBLE CO,2840,1
ProSight,PROSIGHT GLOBAL INC,6331,1
Premier G Med Cardio Kft,PREMIER INC,8741,1
PreMD,PREMD INC,8071,1
Portage Biotech,PORTAGE BIOTECH INC,6199,1
Polski Bank Komorek Macierzystych JSC (PBKM),BANK HOLDINGS INC,6022,1
"Pinnacle Pharmaceuticals, Inc.",PINNACLE HOLDINGS INC,6798,1
Pinnacle Pain Medicine,PINNACLE HOLDINGS INC,6798,1
"Personalized Stem Cells, Inc.",STEM INC,7373,1
Nyxoah Inc.,NYXOAH S A,3841,1
Personalis Inc.,PERSONALIS INC,8071,1
"Palomar Medical Technologies, Inc.",PALOMAR HOLDINGS INC,6331,1
PT Novell Pharmaceutical Laboratories,NOVELL INC,7372,1
"PRD Therapeutics, Inc.",PEAR THERAPEUTICS INC,8000,1
"POC Medical Systems, Inc.",PLC SYSTEMS INC,3845,1
PG Medical Systems Ltd.,PLC SYSTEMS INC,3845,1
PDC*line Pharma SAS,LINE CORP,7370,1
"Osteotech, Inc",OSTEOTECH INC,3841,1
Orion Biotech Inc.,ORION SA,2890,1
"Optimal Mobility, Inc",OPTIMAL GROUP INC,7389,1
"Optical Imaging, Ltd.",OIS OPTICAL IMAGING SYSTEMS,3679,1
Opti'Mouv,OPTI INC,3674,1
OmniVision GmbH,OMNIVISION TECHNOLOGIES INC,3674,1
Medtronic France SAS,MEDTRONIC PLC,3845,1
Medtronic Comercial Ltda.,MEDTRONIC PLC,3845,1
Medstone International,MEDSTONE INTERNATIONAL INC,3845,1
Hong Kong Prospect Group Co. Limited,PROSPECT GROUP INC,4011,1
Inamed,INAMED CORP,3842,1
Igen BioLab SLU,IGEN INC,6794,1
Icarus Medical Innovations,MEDICAL INNOVATIONS INC,8082,1
"IMEIK Technology Development Co., Ltd.",TECHNOLOGY DEVELOPMENT CORP,3825,1
"IMAC Holdings, Inc.",IMAC HOLDINGS INC,8093,1
"IGI Technologies, Inc.",IRG TECHNOLOGIES INC,5045,1
ICU Medical Technologies S.L.,ICU MEDICAL INC,3841,1
"ICE Intelligent Healthcare Co., Ltd",INTELLIGENT GROUP LTD,8742,1
Hyperfine,HYPERFINE INC,3845,1
Hutchinson Technology Inc,HUTCHINSON TECHNOLOGY INC,3679,1
Humana Inc.,HUMANA INC,6324,1
Humana Co.Ltd.,HUMANA INC,6324,1
Hospital at Home AG,AT HOME CORP,7370,1
Home Access Health Corporation,ACCESS HEALTH INC,8090,1
Medidata Solutions,MEDIDATA SOLUTIONS INC,7372,1
Holly Risdon,HOLLY HOLDINGS INC,2540,1
Hercules,HERCULES INC,2890,1
"Helix, Inc",HELIX TECHNOLOGY CORP,3559,1
Heights,HEIGHTS FINANCE CORP,6141,1
"Harbinger Medical, Inc.",HARBINGER CORP,7370,1
"Habit, LLC",HABIT RESTAURANTS INC (THE),5812,1
HEM Research,RESEARCH INC,3567,1
H'ability,ABILITY INC,3669,1
Guangzhou Saliai Stem Cell Science and Technology Co. Ltd.,STEM INC,7373,1
Groupe Éthique et Santé,GROUPE AB SA,7812,1
Groupe Mulliez-Flory,GROUPE AB SA,7812,1
Groupe Kolmi Hopen,GROUPE AB SA,7812,1
Groupe De Recherche En Rhumatologie Et Maladies Osseuses Inc.,GROUPE AB SA,7812,1
Indigo Therapeutics,INDIGO NV,3555,1
"Innova Vascular, Inc.",INNOVA CORP,3663,1
Intelligent Medical Implants GmbH,INTELLIGENT GROUP LTD,8742,1
"Jason Ahee, M.D.",JASON INC,3443,1
Medicines Evaluation Unit Ltd,UNIT CORP,1311,1
"McCormick and Company, Inc.",MCCORMICK & CO INC,2090,1
Mark Stanczyk,MARK HOLDINGS INC,3448,1
Marcus Borchert,MARCUS CORP,7830,1
Magellan Stem Cells,STEM INC,7373,1
MSK Doctors & Associates Ltd,AG ASSOCIATES INC,3559,1
"MGP Ingredients, Inc.",MGP INGREDIENTS INC,5180,1
MDI Health,MDI INC,3861,1
MAKO Surgical Corp.,MAKO SURGICAL CORP,3842,1
Lucy Coleman,COLEMAN CO INC,3634,1
Livongo Health,LIVONGO HEALTH INC,7370,1
Linde AG,LINDE PLC,2810,1
Libra At Home LTD,AT HOME CORP,7370,1
Let's Disco,DISCO SA,5411,1
"Leaf Healthcare, Inc.",LEAF GROUP LTD,7374,1
Laser team Ltd,TEAM INC,7600,1
Laser LabCorp,LABCORP HOLDINGS INC,8071,1
Labtec GmbH,LABTEC INC,3577,1
Laboratori di Informatica Applicata,INFORMATICA INC,7372,1
"Labcorp Corporation of America Holdings, Inc",LABCORP HOLDINGS INC,8071,1
Kraft Heinz Company,KRAFT HEINZ CO,2030,1
Kerr Corporation,KERR GROUP INC,3089,1
"Kansas City Center for Anxiety Treatment, P.A.",CITY HOLDING CO,6021,1
KaVo Kerr,KERR GROUP INC,3089,1
"KORU Medical Systems, Inc.",KORU MEDICAL SYSTEMS INC,3841,1
"KLSMC Stem Cells, Inc.",STEM INC,7373,1
Jeffrey Clarke,CLARKE CORP,3250,1
Lion Corporation,RED LION INNS  -LP,7011,1
