fiscal_year,device_inspections,oai_final,vai_not_oai,inspections_with_483_citations,device_483_citations,qs_21cfr820_citations,compliance_inspections,compliance_oai_final
2009,1934,133,804,660,3076,2678,1523,110
2010,2414,190,988,864,3743,3131,1928,154
2011,2485,230,996,939,4165,3614,2053,203
2012,2522,229,1095,1067,4436,3869,2155,205
2013,2622,221,1103,1033,4041,3562,2233,199
2014,2460,197,1010,921,3804,3307,2086,173
2015,2518,218,1019,946,3708,3272,2132,187
2016,2268,113,938,810,3112,2736,1920,95
2017,2247,69,962,868,3322,2993,1916,63
2018,2054,64,912,825,3089,2746,1674,55
2019,1675,63,804,728,2853,2583,1409,54
2020,861,43,398,390,1495,1348,708,39
2021,407,29,182,181,751,663,330,27
2022,1110,36,536,481,1774,1634,935,35
2023,1484,83,671,653,2200,1999,1257,79
2024,1368,71,609,565,1983,1752,1134,69
2025,1505,87,698,712,2378,2073,1272,80
2026,1103,42,494,500,1617,502,908,41
